#{"t_start": 1787711273.1771019, "env_id": "None"}
r,l,t
-1.245657,45,4.933248
-2.942522,26,4.989211
12.745185,40,5.063803
-7.020354,44,5.154024
-6.073566,30,5.215315
22.420216,77,5.365204
-6.505043,24,5.416425
10.156635,44,5.509085
0.224468,44,5.591039
-0.249919,36,5.668692
-9.493348,23,5.717041
0.768281,35,5.783731
-8.65258,23,5.833883
-3.797495,24,5.879936
4.977576,45,5.96833
-1.637765,26,6.016779
-2.067888,26,6.071097
-0.339778,72,6.208763
-7.382097,25,6.259675
9.073905,45,6.350017
-1.243315,34,6.414467
0.534344,35,6.489046
3.746943,44,6.578057
8.517661,57,6.691632
1.709559,46,6.782812
4.081533,36,6.85116
-1.12901,60,6.972325
-1.639916,26,7.024951
5.244303,30,7.084732
5.798436,57,7.194378
-2.618779,24,7.240145
11.061953,69,7.372769
0.423634,45,7.464465
17.765306,57,7.5831
-8.225936,21,7.628004
-3.682837,23,7.678751
-4.45962,29,7.756488
-8.208135,26,7.804206
-9.744127,21,7.852454
6.350502,36,7.924044
-3.460159,28,7.975747
-8.98197,21,8.014981
5.756399,29,8.074232
-5.657327,23,8.116599
-7.662027,27,8.17491
13.991981,43,8.258243
-1.463053,26,8.307423
0.489352,55,8.416585
-8.407263,20,8.460087
2.405682,39,8.535002
-2.579109,27,8.592782
-9.596903,23,8.636097
11.049833,46,8.726159
1.924578,96,8.918242
6.287474,45,9.679409
-5.721861,21,9.718843
5.952782,45,9.807952
-5.598251,35,9.881098
0.617201,26,9.929659
-2.673531,29,9.988302
-0.430305,29,10.047616
-0.933893,26,10.09735
3.31316,31,10.161085
14.083466,57,10.272767
-3.906602,22,10.31541
14.038315,36,10.387066
-1.665738,23,10.431585
-9.337711,26,10.484519
-7.348867,24,10.530163
1.19092,40,10.610416
13.677003,44,10.698669
0.640424,32,10.776494
-1.320493,42,10.859129
-9.077992,29,10.916801
-8.500089,24,10.963578
0.329489,23,11.010811
-5.456858,24,11.056688
-5.598377,22,11.104995
-5.589812,45,11.191908
0.457289,67,11.324078
0.017125,41,11.401122
0.187256,34,11.473731
-1.200918,40,11.551446
3.045648,62,11.673396
8.66921,54,11.779839
-1.82577,37,11.853323
2.548833,36,11.924316
-0.453059,37,11.999437
-1.808176,25,12.052547
-7.345343,30,12.110699
-7.941359,45,12.201761
-4.829359,22,12.242226
-3.256669,30,12.305163
-2.663366,40,12.383566
-4.879048,50,12.482385
-3.770139,55,12.594702
10.37047,41,12.678875
2.067297,41,12.761827
26.851737,67,12.906502
1.390559,53,13.023058
-7.990294,22,13.067249
3.543969,32,13.133796
14.970339,46,13.228065
-9.892701,24,13.275945
-2.778621,33,13.343084
-2.493668,36,13.419235
-2.550739,36,13.487961
-4.043821,39,13.564443
-5.55927,19,13.604445
-9.845673,23,13.655609
-1.569598,38,13.732215
14.441392,48,14.460825
6.330652,45,14.552702
-8.057253,29,14.61286
0.194846,44,14.699414
-2.004903,28,14.781021
-2.816499,38,14.862297
14.718487,47,14.958043
27.632004,58,15.068245
7.4662,41,15.145931
-0.508033,58,15.254822
11.495803,67,15.380687
2.137583,25,15.431563
16.083747,54,15.535837
-5.818476,27,15.586018
5.520443,35,15.654914
-2.253699,70,15.786839
-7.291549,36,15.85818
-6.587434,23,15.901863
-8.242394,44,15.985089
-0.442792,42,16.064265
-2.641069,30,16.119786
10.197919,56,16.22522
7.544247,65,16.35064
-9.19134,19,16.392111
-6.123299,41,16.470157
-0.311554,30,16.533164
-1.227623,32,16.600192
-4.616452,60,16.716399
-5.805329,31,16.776257
-0.104892,25,16.832126
0.821911,34,16.915452
2.161433,34,16.981243
-2.541193,36,17.055888
10.95534,49,17.153138
1.922111,36,17.225185
-1.853226,27,17.277034
8.144005,64,17.400029
-2.454482,33,17.467134
3.43753,36,17.537869
3.307746,32,17.597278
1.426684,45,17.684248
-9.793089,24,17.72966
-6.570614,23,17.778533
-6.56865,31,17.836532
11.565832,75,17.985039
-1.603499,59,18.098596
-2.888713,27,18.148098
-1.314502,48,18.242865
22.2896,69,18.381369
3.185719,36,19.018962
1.997239,39,19.099088
17.451162,147,19.382006
-0.661195,31,19.441932
-4.139686,34,19.504863
5.676654,38,19.578121
6.364223,52,19.676972
-3.599781,23,19.720086
-5.143734,24,19.771075
-4.052382,34,19.833154
2.804458,37,19.916213
-0.910998,25,19.967196
0.103499,35,20.032587
-5.803516,23,20.07924
-1.04354,30,20.138019
-3.925427,34,20.207066
-8.955236,31,20.265381
-3.411361,41,20.349192
-0.375947,110,20.565149
14.851578,41,20.648581
3.272695,82,20.806343
1.139521,34,20.870819
-2.876629,47,20.965872
-3.599383,31,21.027897
26.876712,200,21.414106
-6.99642,23,21.463504
6.285123,30,21.519964
-6.928041,53,21.622698
-4.012512,49,21.71653
6.211524,99,21.905293
11.822996,62,22.025396
5.120113,41,22.104783
-0.503982,44,22.18938
-9.761762,27,22.238862
-4.511123,35,22.307641
-2.612365,92,22.483751
6.677569,58,22.594472
-5.501303,40,22.668742
-4.501661,35,22.737978
-2.14736,32,22.801142
-3.866132,48,22.889008
-7.525603,27,22.953645
-2.997403,43,23.556492
-0.105488,34,23.622216
-9.878502,36,23.693334
-3.479967,34,23.754914
6.004881,39,23.831138
-2.570144,32,23.89491
15.557756,50,23.991798
6.854928,43,24.071094
10.27018,111,24.281681
-2.549333,37,24.356211
-3.479711,27,24.41168
9.055259,41,24.486174
27.088642,88,24.657353
4.41889,30,24.718154
0.783983,46,24.802982
21.670438,64,24.92793
-2.590038,50,25.022915
-1.57184,44,25.102264
-2.23315,39,25.179167
3.287826,35,25.249374
8.225488,65,25.374055
6.905968,87,25.541696
8.801267,45,25.62852
0.890701,99,25.818647
-1.670171,59,25.931644
4.98737,65,26.061758
7.659643,44,26.147886
-0.540448,63,26.265962
3.956924,33,26.333516
12.27696,46,26.423178
8.769358,65,26.547175
4.220202,54,26.649641
2.155686,44,26.733707
4.111067,30,26.789005
0.225873,27,26.844072
0.591772,35,26.908648
1.247535,30,26.968356
18.332542,62,27.085045
-3.552916,37,27.158126
-1.303004,39,27.235122
-5.713033,25,27.281606
6.013515,41,27.360755
-6.972942,25,27.407158
3.702673,36,28.038616
1.31686,47,28.129093
39.080606,200,28.504729
-8.91124,37,28.575041
-2.685127,47,28.665855
9.962306,96,28.845272
-5.189658,56,28.952124
3.595327,48,29.05221
12.487288,67,29.181013
-4.46798,59,29.291654
2.110797,52,29.392337
18.760005,91,29.566707
12.120565,69,29.69893
2.629341,42,29.780009
34.283428,83,29.936807
3.687031,47,30.02636
5.305502,86,30.192757
19.960023,92,30.364244
4.405024,80,30.520396
5.10645,35,30.586391
0.597698,74,30.730201
8.998549,51,30.828023
-3.716486,69,30.958536
4.570072,36,31.028771
11.154986,141,31.294166
-8.263453,45,31.380116
-9.621992,30,31.434938
2.377538,39,31.512681
-0.586239,54,31.616387
2.242168,115,31.836439
0.653999,34,31.902451
3.453116,41,32.635743
0.449101,33,32.697539
11.137093,87,32.867062
6.367727,61,32.982992
1.049116,31,33.046912
2.724542,166,33.359192
10.252573,57,33.472923
11.944121,112,33.687834
5.335175,76,33.829884
20.820901,114,34.047595
25.827673,200,34.429286
54.027269,200,34.813234
18.714051,106,35.016593
3.065061,40,35.099566
58.186096,163,35.417524
47.966798,200,35.802011
17.992822,138,36.061171
8.88024,103,36.261843
-0.135966,49,36.35542
50.987815,200,37.270384
6.203647,126,37.521206
11.08861,75,37.67203
69.631858,200,38.056882
-0.768436,63,38.191203
26.712512,134,38.452428
9.625335,73,38.591932
7.056927,102,38.790907
0.161998,93,38.971978
2.427566,80,39.127421
-1.745373,45,39.215892
8.713524,84,39.377822
26.224009,155,39.676054
-1.508561,59,39.789031
12.062103,106,39.993712
12.335478,60,40.11
0.128325,73,40.249649
15.703476,77,40.396297
54.328347,77,40.552104
17.429693,96,40.738187
0.909221,50,40.839877
10.374437,61,40.957783
47.986104,200,41.898144
71.562389,200,42.280556
8.000069,55,42.387074
71.197886,200,42.764982
127.492752,200,43.138433
23.778055,200,43.522063
48.452523,200,43.909828
30.698531,200,44.312978
37.239854,200,44.700227
88.981862,200,45.083768
12.735732,88,45.253966
20.774809,170,46.144447
30.354637,114,46.364516
27.311681,155,46.66241
5.742454,46,46.752533
27.374227,76,46.897884
76.570581,167,47.225593
44.958094,200,47.643339
39.910092,200,48.038676
46.806512,200,48.450695
50.464223,183,48.80075
67.299162,200,49.194489
31.280454,156,49.500719
44.919942,200,49.878671
2.15067,87,50.060985
68.490504,200,51.094692
11.817915,54,51.203103
97.950519,200,51.587249
94.4534,200,51.974441
77.192226,200,52.359283
130.001669,200,52.743956
108.116683,200,53.13387
73.527852,200,53.539256
83.78709,200,53.931113
100.174344,200,54.315076
104.880385,200,54.700848
60.570915,200,55.64607
55.776697,200,56.021207
62.011068,200,56.40419
116.343098,200,56.795022
63.376159,200,57.173038
46.890356,200,57.55982
75.289596,200,57.940966
47.773336,200,58.315197
94.508635,200,58.69721
74.729005,200,59.081913
170.771868,200,60.032752
113.047786,200,60.42027
136.989656,200,60.811028
81.358981,200,61.191607
98.595067,200,61.575792
120.880895,200,61.95742
108.979862,200,62.335693
135.304504,200,62.73193
90.421448,200,63.112852
115.414315,200,63.492282
138.024142,200,64.434103
139.100076,200,64.81338
117.912245,200,65.191895
154.262363,200,65.591041
121.318167,200,65.971298
92.485598,200,66.343147
162.041422,200,66.725223
111.690989,200,67.106477
96.689308,200,67.485482
105.380881,200,67.86605
146.760983,200,68.804608
148.27494,200,69.179787
139.337716,200,69.560452
133.003122,200,69.932555
102.630112,200,70.308993
120.386868,200,70.68421
136.619823,200,71.061165
181.370082,200,71.44025
88.90896,200,71.822929
117.546685,200,72.198639
126.820948,200,72.582042
105.807481,200,73.508845
179.031676,200,73.925095
182.689666,200,74.322047
161.800359,200,74.732025
173.391775,200,75.134785
163.375613,200,75.540193
161.370596,200,75.933132
145.382287,200,76.317163
178.768258,200,76.697373
106.981431,200,77.073978
181.003844,200,78.072547
165.473538,200,78.449292
128.362869,200,78.829268
162.592173,200,79.206942
145.886151,200,79.586053
144.024048,200,79.963193
143.723944,200,80.339115
168.772283,200,80.722029
160.748634,200,81.10602
130.340689,200,81.486851
169.839665,200,82.449048
111.732712,200,82.829017
133.234763,200,83.204239
154.070531,200,83.585471
150.273609,200,83.974971
179.390746,200,84.349312
171.557315,200,84.727014
142.348503,200,85.104045
165.319998,200,85.482754
130.11656,200,85.873095
150.139285,200,86.796919
178.012077,200,87.191483
157.700323,200,87.571245
175.283053,200,87.947728
163.098693,200,88.326225
150.087712,200,88.698131
194.810315,200,89.083888
190.096338,200,89.460362
195.633315,200,89.834353
159.007743,200,90.224989
162.784013,200,90.610969
173.532234,200,91.528086
160.342789,200,91.90748
210.737942,200,92.284361
132.427037,200,92.661731
165.434618,200,93.051783
174.846147,200,93.427737
162.288682,200,93.807277
164.235213,200,94.18006
190.435244,200,94.555153
202.318404,200,94.92799
163.543483,200,95.849933
186.522379,200,96.236567
154.082469,200,96.617923
202.902642,200,96.996243
187.445731,200,97.374302
165.771886,200,97.757132
188.582986,200,98.136845
143.294319,200,98.517069
171.734855,200,98.89407
143.399138,200,99.283521
162.383785,200,100.188288
186.640939,200,100.566987
174.470229,200,100.946938
194.4143,200,101.320047
111.087465,200,101.704138
174.375424,200,102.088258
166.28525,200,102.46152
181.181949,200,102.837128
181.857476,200,103.212651
154.759291,200,103.595603
162.578221,200,104.508505
173.60485,200,104.890664
199.49316,200,105.284858
209.024608,200,105.662501
208.544539,200,106.039593
202.906517,200,106.41644
202.999365,200,106.795425
208.94001,200,107.176843
166.294197,200,107.552063
198.247448,200,107.943551
198.695314,200,108.33697
194.628893,200,109.387145
190.41145,200,109.828318
173.216388,200,110.208441
197.010578,200,110.586988
191.151854,200,110.966086
164.959526,200,111.357529
194.922431,200,111.734794
171.00219,200,112.112516
214.827372,200,112.485894
176.349387,200,112.865657
195.28625,200,113.763016
137.285087,200,114.141159
167.031696,200,114.522923
181.588773,200,114.898016
190.910538,200,115.273769
208.009844,200,115.654039
212.272429,200,116.034658
177.182298,200,116.408008
186.524394,200,116.786529
206.002066,200,117.165142
197.427895,200,118.199826
206.527703,200,118.587959
202.349011,200,118.962959
221.481832,200,119.344539
221.153253,200,119.774296
159.031666,200,120.199119
190.989881,200,120.644163
171.968558,200,121.066568
201.465047,200,121.484645
202.803587,200,121.888924
204.93169,200,122.817049
189.073125,200,123.208426
199.435561,200,123.632325
201.632803,200,124.012122
219.610321,200,124.407451
221.041886,200,124.788229
207.725805,200,125.164994
193.470608,200,125.550295
204.77116,200,125.928843
192.43792,200,126.310939
213.817913,200,126.708907
194.71708,200,127.704641
186.733605,200,128.088536
203.438487,200,128.469682
189.206942,200,128.852769
194.781154,200,129.234856
211.661185,200,129.648558
178.202069,200,130.027952
207.076303,200,130.411406
201.60859,200,130.796038
219.091338,200,131.173392
218.792624,200,132.131343
215.197925,200,132.533287
206.717283,200,132.912286
185.818953,200,133.28852
206.525073,200,133.673793
199.166622,200,134.054005
210.52255,200,134.434839
207.655287,200,134.822244
209.069921,200,135.207081
204.19177,200,135.613661
205.528274,200,136.565619
214.218077,200,136.951175
215.649368,200,137.335833
218.222024,200,137.716584
199.432149,200,138.105659
201.774429,200,138.494321
212.565843,200,138.888437
196.947921,200,139.271663
209.198668,200,139.652759
216.803111,200,140.03285
198.357796,200,140.984485
222.187982,200,141.371791
208.631343,200,141.765363
213.577205,200,142.148712
181.737618,200,142.533813
179.851869,200,142.918764
192.131579,200,143.297004
216.119624,200,143.681585
213.920633,200,144.063199
190.400208,200,144.450288
221.209578,200,145.430807
196.296931,200,145.816299
221.866368,200,146.199917
219.754827,200,146.580719
195.05721,200,146.967877
198.846021,200,147.353416
167.257946,200,147.746327
186.790164,200,148.130474
200.363697,200,148.51221
216.758848,200,148.894154
210.045794,200,149.280594
192.470361,200,150.227715
208.456687,200,150.615193
182.101789,200,151.005344
219.857831,200,151.390837
207.78494,200,151.769853
228.091338,200,152.145315
202.4815,200,152.526808
206.301998,200,152.905513
217.254533,200,153.289175
206.808269,200,153.675332
205.673654,200,154.612115
189.722076,200,154.989275
208.407835,200,155.367459
221.412472,200,155.750302
212.272001,200,156.139183
206.148497,200,156.526914
217.77837,200,156.916875
221.052213,200,157.300243
219.840729,200,157.690767
217.924184,200,158.076761
184.211909,200,159.032512
200.990839,200,159.420028
221.791215,200,159.800129
221.044181,200,160.194226
213.685702,200,160.573486
204.450463,200,160.96037
219.480338,200,161.340205
206.753041,200,161.721106
207.526618,200,162.104031
209.801809,200,162.483591
207.958581,200,163.437525
216.91954,200,163.821645
224.027636,200,164.216292
210.110405,200,164.58982
212.130777,200,164.974828
214.226156,200,165.345145
196.487487,200,165.735037
219.838076,200,166.159237
227.301125,200,166.54338
218.373426,200,166.919839
218.119227,200,167.302205
213.871376,200,168.294799
216.093204,200,168.68847
218.314468,200,169.092871
223.398772,200,169.487074
219.098975,200,169.878013
210.520301,200,170.296072
217.795697,200,170.704812
207.175275,200,171.098946
208.373732,200,171.499924
198.122265,200,171.882065
213.889728,200,173.046197
221.25749,200,173.444146
215.638806,200,173.874947
210.170466,200,174.260119
220.431342,200,174.641296
230.1496,200,175.030773
209.218436,200,175.417824
219.638016,200,175.794599
227.011513,200,176.178137
221.43061,200,176.559333
217.847707,200,177.496691
222.994272,200,177.872177
212.864895,200,178.267838
214.544733,200,178.642135
218.45931,200,179.025128
211.478477,200,179.400393
209.99968,200,179.78777
215.830362,200,180.168011
224.362924,200,180.548236
214.008552,200,180.935222
221.067377,200,181.912104
226.799815,200,182.295906
226.27977,200,182.679073
220.785266,200,183.058972
222.982544,200,183.438079
222.453615,200,183.815343
215.924627,200,184.210295
218.081305,200,184.59218
224.990224,200,184.968875
196.813829,200,185.35041
225.85218,200,185.729827
225.343357,200,186.645745
182.727511,200,187.032364
214.046055,200,187.430947
220.811578,200,187.809355
203.250969,200,188.189674
219.866145,200,188.56688
220.401643,200,188.950933
228.257078,200,189.328372
209.852958,200,189.703012
224.237303,200,190.085027
217.0287,200,191.02673
225.296838,200,191.402217
216.259363,200,191.788187
207.966196,200,192.167204
211.158154,200,192.546342
218.655795,200,192.928198
219.587454,200,193.304601
221.731966,200,193.695679
221.95797,200,194.07526
216.612029,200,194.454089
227.686725,200,195.406262
220.358725,200,195.788991
214.425182,200,196.166057
217.309781,200,196.553069
222.985431,200,196.932682
222.619493,200,197.309192
217.381014,200,197.698049
214.927971,200,198.08089
219.376771,200,198.461092
214.543924,200,198.841639
221.237391,200,199.793324
225.534661,200,200.175906
218.125446,200,200.555699
214.845334,200,200.937383
204.613813,200,201.314487
221.138869,200,201.6923
222.606067,200,202.075126
219.685009,200,202.45537
228.956426,200,202.84517
218.075335,200,203.230022
225.824543,200,203.609597
225.794176,200,204.528989
222.037846,200,204.912364
224.116769,200,205.289307
228.925274,200,205.683474
228.029192,200,206.067389
224.087841,200,206.443036
221.942979,200,206.82539
218.571206,200,207.20479
231.956885,200,207.590055
218.910571,200,207.969256
228.355312,200,208.923755
224.765091,200,209.297919
221.038691,200,209.688389
226.388712,200,210.07121
212.974587,200,210.453301
223.860403,200,210.837765
218.33511,200,211.215312
216.201322,200,211.603485
216.664567,200,211.989284
228.055251,200,212.36633
215.426857,200,213.303565
221.892878,200,213.688262
218.423283,200,214.062891
220.005727,200,214.448275
217.282273,200,214.839618
231.227702,200,215.218043
228.425618,200,215.594939
205.380557,200,215.980543
226.536249,200,216.358537
224.584757,200,216.740298
223.139432,200,217.659176
229.197521,200,218.054823
229.664939,200,218.433201
220.070973,200,218.81754
229.651392,200,219.1973
209.719358,200,219.58394
231.34672,200,219.967241
224.152009,200,220.353529
225.981203,200,220.736931
226.649151,200,221.12796
224.061952,200,221.510881
215.371951,200,222.45406
221.729889,200,222.840003
227.72459,200,223.2159
221.993998,200,223.595888
227.267131,200,223.977805
225.816344,200,224.36408
224.823702,200,224.743831
211.218214,200,225.119871
214.475363,200,225.503653
233.635421,200,225.884872
222.808486,200,226.851534
208.937213,200,227.232074
215.025011,200,227.612894
218.986662,200,227.99094
207.555585,200,228.380987
232.359409,200,228.764274
208.246139,200,229.142465
216.160209,200,229.517058
225.954081,200,229.908483
222.579237,200,230.287973
214.299759,200,231.21582
226.98081,200,231.59901
217.251971,200,231.978085
229.966124,200,232.36136
222.589267,200,232.745749
223.404517,200,233.134287
226.038427,200,233.511492
224.113107,200,233.890502
217.602639,200,234.271332
227.959984,200,234.652699
229.791612,200,235.632227
216.463892,200,236.039067
218.708991,200,236.428941
226.531003,200,236.813503
229.479756,200,237.223865
230.519217,200,237.623203
227.033442,200,238.011724
221.929038,200,238.414553
227.151025,200,238.900339
214.57018,200,239.37171
220.069462,200,239.805952
222.267995,200,240.958496
228.735396,200,241.380119
230.866712,200,241.786089
219.610152,200,242.204451
228.536156,200,242.599662
211.437736,200,242.984131
227.524034,200,243.371176
217.472599,200,243.841566
216.268318,200,244.257919
229.84686,200,244.649388
220.712545,200,245.73907
223.280514,200,246.165012
223.246064,200,246.569532
224.678049,200,246.969619
220.735514,200,247.369843
228.843412,200,247.777804
227.471708,200,248.198495
228.104169,200,248.613547
228.174288,200,249.046674
231.409035,200,249.478899
227.033016,200,250.551605
220.115958,200,250.981316
225.145393,200,251.463257
222.581525,200,251.877364
226.314893,200,252.305252
232.681578,200,252.724912
229.785144,200,253.141987
229.899418,200,253.539331
232.696358,200,253.936214
232.712301,200,254.353558
231.620014,200,255.433869
223.02994,200,255.850604
232.907604,200,256.271602
231.549086,200,256.671003
221.342279,200,257.071049
223.979708,200,257.531664
221.889685,200,257.922678
225.966635,200,258.319564
227.451295,200,258.722343
226.135393,200,259.116343
223.795484,200,260.104565
223.510457,200,260.536151
234.12305,200,260.934683
215.015376,200,261.335861
226.809733,200,261.749904
230.877695,200,262.199039
227.561209,200,262.60584
225.319283,200,263.008388
228.537856,200,263.44468
214.923985,200,263.849948
226.394229,200,264.254756
222.22447,200,265.351117
222.100829,200,265.805531
228.248124,200,266.213294
226.292287,200,266.631848
231.589568,200,267.017253
230.440542,200,267.422985
231.245611,200,267.828164
222.600501,200,268.232219
233.642681,200,268.661932
225.795253,200,269.280535
226.633058,200,270.408979
226.629749,200,270.832105
232.406148,200,271.267535
231.223583,200,271.664319
230.315573,200,272.066302
224.644033,200,272.470756
227.881261,200,272.924878
231.793779,200,273.349921
229.583975,200,273.819169
226.455787,200,274.227552
228.300692,200,275.262115
223.273409,200,275.673325
224.592475,200,276.078302
224.434222,200,276.496134
230.243327,200,276.889309
232.32013,200,277.277561
232.722055,200,277.678872
222.571652,200,278.071814
233.444296,200,278.47194
228.883402,200,278.873
231.76226,200,279.917056
231.25099,200,280.303058
224.260213,200,280.72123
220.102265,200,281.104963
230.826965,200,281.509809
230.480822,200,281.922997
225.643877,200,282.388042
221.98342,200,282.867484
220.783751,200,283.253746
227.547161,200,283.660595
226.596527,200,284.046512
227.818769,200,285.060994
230.909977,200,285.463633
227.097092,200,285.860073
220.145205,200,286.271214
227.355507,200,286.666041
221.370585,200,287.062661
229.306423,200,287.514755
230.693289,200,287.937467
229.644443,200,288.467628
226.110865,200,288.862702
220.780893,200,289.86535
230.057679,200,290.258903
232.487552,200,290.668827
229.73254,200,291.071045
215.401866,200,291.477781
229.199963,200,291.869747
232.709586,200,292.259612
228.333856,200,292.667916
231.836062,200,293.055512
224.896853,200,293.466734
229.324851,200,294.515012
226.683174,200,294.912218
233.180139,200,295.308287
229.803277,200,295.686827
228.140486,200,296.080254
227.315038,200,296.483097
221.412473,200,296.900693
232.439623,200,297.283708
227.511675,200,297.674508
225.189992,200,298.064519
221.508872,200,299.020647
228.815932,200,299.412117
226.556705,200,299.808099
230.766387,200,300.275743
234.236094,200,300.676192
232.629228,200,301.091057
228.392163,200,301.488326
233.724351,200,301.891168
228.458101,200,302.301175
233.105829,200,302.702732
228.776428,200,303.117114
229.786157,200,304.213267
231.021256,200,304.610575
231.072322,200,305.024903
227.580156,200,305.444986
220.451364,200,305.844451
230.564028,200,306.261289
228.057905,200,306.65344
231.015032,200,307.049989
220.517614,200,307.505382
217.428704,200,307.899845
228.510457,200,308.880376
231.08927,200,309.290982
229.99199,200,309.684702
231.811031,200,310.090621
221.774947,200,310.480335
229.213436,200,310.867321
234.068702,200,311.28839
230.563277,200,311.715324
226.519651,200,312.149019
232.500808,200,312.555652
224.250644,200,313.572969
223.842754,200,313.995251
231.536833,200,314.384143
220.897648,200,314.773828
224.305324,200,315.187949
228.147906,200,315.578669
230.498696,200,315.968267
219.890103,200,316.359098
230.215471,200,316.752977
230.933942,200,317.174434
231.038603,200,318.259095
228.302641,200,318.64354
233.50522,200,319.040223
229.232866,200,319.439615
227.977742,200,319.830282
232.125782,200,320.217113
217.2094,200,320.610626
226.671677,200,321.00606
224.753358,200,321.40624
230.570893,200,321.790138
234.013279,200,322.190459
233.67196,200,323.261912
224.319541,200,323.661853
225.351264,200,324.048907
233.901346,200,324.442572
230.34422,200,324.83022
230.07006,200,325.235523
222.510179,200,325.630346
233.689105,200,326.018173
232.262054,200,326.401855
224.445865,200,326.785582
225.608236,200,327.757192
229.185352,200,328.136686
230.62809,200,328.522073
230.404096,200,328.911113
233.360737,200,329.291372
229.770918,200,329.676365
222.983232,200,330.059747
231.50129,200,330.448362
221.548307,200,330.835401
231.85301,200,331.227443
228.662344,200,332.206226
230.792591,200,332.621782
232.362448,200,333.015259
234.376973,200,333.422561
233.287479,200,333.821947
231.895442,200,334.218868
227.130064,200,334.611037
231.079155,200,335.026251
233.722108,200,335.415436
223.5476,200,335.875937
227.003291,200,336.859394
228.56512,200,337.240503
224.198343,200,337.629182
233.66958,200,338.014204
233.27667,200,338.395196
232.069246,200,338.787622
229.091431,200,339.175815
218.888209,200,339.580271
229.096352,200,339.964345
230.230665,200,340.346984
232.027307,200,340.731391
232.944298,200,341.652513
229.90691,200,342.039502
233.534287,200,342.423076
233.998877,200,342.813269
232.958185,200,343.198326
233.122151,200,343.576945
232.753216,200,343.956197
234.178939,200,344.34445
232.426795,200,344.781837
231.117545,200,345.166471
