time_s,desired_position_rad,desired_velocity_rad_s,actual_position_rad,actual_velocity_rad_s,position_error_rad,nominal_feedforward_torque_Nm,mpc_correction_torque_Nm,actual_command_torque_Nm,effective_inertia,dynamic_bias_Nm,solver_time_s,solver_status
0.020000000000000004,-0.48430237011767163,0.7838483595291283,-0.506488813670461,-0.3943560428515093,-0.022186443552789314,20.832197169310167,15.000080467506132,35.83219716931016,2.957026520158094,20.832197169310167,0.006415841000034561,optimal
0.04000000000000002,-0.46866669160892394,0.7792050642919989,-0.5116494225800563,-0.0986722986209348,-0.042982730971132366,17.35974784896831,33.47285918969847,50.83219716931016,2.9831543675774355,17.821926156215348,0.009733859000334633,optimal
0.06000000000000004,-0.4531546713535688,0.7714866026510409,-0.5082581205026285,0.37953283017816575,-0.055103449149059736,18.64212363830154,47.18987355416526,65.8319971924668,3.0239260473151544,19.577264780422404,0.007623200000125507,optimal
0.08000000000000006,-0.43782752820878623,0.7607234358481215,-0.49579687397010985,0.816671522501761,-0.05796934576132362,19.304792670422184,58.37686964673989,77.68166231716208,3.0480574970865706,20.71404639260802,0.008724590999918291,optimal
0.10000000000000007,-0.4227457514062631,0.7469580411853889,-0.4758207289107691,1.14334529055733,-0.053074977504506016,18.208329553567065,44.468873621159624,62.68166231716208,3.0570708021233712,20.08420231162413,0.00912753900001917,optimal
0.12000000000000009,-0.4079688618288304,0.7302447443867661,-0.4505161246516875,1.3652834056335552,-0.04254726282285709,16.48504486270521,31.195344684694803,47.68166231716208,3.0571322501313767,18.816013040784128,0.009100297000259161,optimal
0.1400000000000001,-0.3935551771087318,0.7106495051991383,-0.42187355660180087,1.4867408379106468,-0.02831837949306909,14.821381810624736,17.859652661742512,32.68166231716208,3.0577248778526767,17.598746726893783,0.008071393000136595,optimal
0.16000000000000011,-0.3795615814745711,0.6882496570793656,-0.3918984122655141,1.5091158711054944,-0.012336830790942999,12.934105291330303,4.747212965387468,17.68166231716208,3.058064325457352,16.1468107080226,0.007419957999900362,optimal
0.18000000000000013,-0.36604330125525075,0.66313360199446,-0.3625259279035936,1.436788279604945,0.003517373351657138,10.987945130498034,-8.307511103492955,2.681662317162079,3.058102045822761,14.623048480537953,0.0059295770001881465,optimal
0.20000000000000015,-0.35305368692688166,0.6354004615394073,-0.3356445710166495,1.269539509484999,0.017409115910232142,9.086662111259468,-21.418975917926563,-12.318337682837921,3.057904670272063,13.129516724484011,0.005771991000074195,optimal
0.22000000000000017,-0.34064400256282745,0.6051596857495168,-0.3132229590692148,1.0061601216485707,0.02742104349361263,7.325333583221807,-34.643562067676235,-27.31822848445443,3.057641571157598,11.759837202590885,0.006383399999776884,optimal
0.24000000000000019,-0.3288632235178277,0.5725306211511351,-0.29704944101654795,0.6537810662590766,0.03181378250127975,5.795539193224349,-48.11369636457763,-42.31815717135328,3.05752752478621,10.604359332197943,0.0074466490000304475,optimal
0.2600000000000002,-0.31775784314464706,0.5376420397554302,-0.28691534232510196,0.38338968010234065,0.030842500819545093,4.5774052177899565,-36.987001349479286,-32.40959613168933,3.0575689818028797,9.741799084967141,0.008701909000137675,optimal
0.2800000000000002,-0.30737168930605263,0.5006316308540945,-0.28103198906462235,0.21602538426526963,0.026339700241430286,3.690856242697949,-21.10028976782167,-17.409596131689327,3.057549863744227,9.190342745229316,0.01025043400022696,optimal
0.3000000000000002,-0.297745751406263,0.4616454576226137,-0.2774046894911794,0.14768551226762947,0.020341061915083614,3.0597923379663907,-5.469303535910084,-2.4095961316893266,3.057440780578581,8.872492421382502,0.008988076000150613,optimal
0.32000000000000023,-0.2889180186244962,0.4208373806756445,-0.2743786828861208,0.1503224656920037,0.014539335738375403,2.5832978001101674,6.084852677455653,8.66815047756582,3.057230133860679,8.686047109522544,0.008217328000228008,optimal
0.34000000000000025,-0.280923329989034,0.37836845084945947,-0.2711234131639193,0.17189546367792166,0.009799916825114718,2.1722049708118307,9.827036199093389,11.999241169905218,3.056956197949474,8.540748527498746,0.007977487000061956,optimal
0.36000000000000026,-0.273793236883495,0.33440627360787406,-0.26752900359231563,0.18652753390452156,0.006264233291179366,1.776547560163828,9.565090198459302,11.34163775862313,3.056695199922021,8.385734124755066,0.007837162999749125,optimal
0.3800000000000003,-0.26755587852793705,0.2891243475800527,-0.26376299973164047,0.19017702953099364,0.0037928787962965838,1.386865312698645,7.932378023858238,9.319243336556884,3.0565044272006,8.210729267633807,0.007333015000313026,optimal
0.4000000000000003,-0.26223587092621153,0.24270137984068268,-0.26007797690935963,0.17984124636383317,0.0021578940168519023,1.0108536394196586,5.835714343300749,6.846567982720408,3.056395998082125,8.022628049327613,0.006699974999719416,optimal
0.4200000000000003,-0.2578542097178422,0.19532058063479488,-0.2567381936530796,0.15687739345678567,0.0011160160647625816,0.662620943352815,3.911596977822717,4.574217921175531,3.0563466744368784,7.834759869011809,0.006390413000190165,optimal
0.44000000000000034,-0.2544281873178278,0.14716894033062683,-0.25396358002549874,0.1242109220493852,0.0004646072923290556,0.3572416051173217,2.4323266502645513,2.789568255381873,3.0563353541182656,7.6615259915170375,0.00606703599987668,optimal
0.46000000000000035,-0.2519713246713805,0.09843649145406712,-0.2519177190062734,0.08459806424523007,5.360566510709264e-05,0.10764785010190892,1.387929005523828,1.495576855625737,3.05634310996948,7.515296386298534,0.005640183000195975,optimal
0.48000000000000037,-0.25049331789293205,0.04931555871709341,-0.25071035091950705,0.04069391929029684,-0.00021703302657499757,-0.07640123449946135,0.7580314813683671,0.6816302468689057,3.0563566233333748,7.405391391346521,0.0057125990001622995,optimal
0.5000000000000003,-0.25,-8.238753571591132e-16,-0.2504043963658447,-0.0054044218817191295,-0.00040439636584471694,-0.18830629840104862,0.4420334800497729,0.25372718164872426,3.056368711115921,7.338100213965607,0.005932853000103933,optimal
0.5200000000000004,-0.25049331789293217,-0.049315558717095226,-0.25103254676534903,-0.052665936659852086,-0.0005392288724168637,-0.22429039691151775,0.2646360736006933,0.04034567668917555,3.0563768338147943,7.317017165689995,0.005587563999597478,optimal
0.5400000000000004,-0.2519713246713806,-0.09843649145406874,-0.25260665377723124,-0.10004961358118498,-0.0006353291058506239,-0.18250463410110207,0.21700440789291417,0.0344997737918121,3.0563809637824377,7.343932050851972,0.005871718000435067,optimal
0.5600000000000004,-0.2544281873178279,-0.14716894033062847,-0.2551269366827953,-0.1473477698787772,-0.0006987493649673882,-0.06234730175383785,0.17248230490406746,0.11013500315022962,3.056381839255206,7.419507051279529,0.005487735999849974,optimal
0.5800000000000004,-0.2578542097178423,-0.1953205806347965,-0.25858907050767194,-0.19432174115409773,-0.00073486078982965,0.1359563607485894,0.13297232819784488,0.2689286889464343,3.056380339255967,7.5436951294419,0.0061838349997742625,optimal
0.6000000000000004,-0.2622358709262117,-0.24270137984068424,-0.2629836227194408,-0.24070376424850876,-0.0007477517932291122,0.41182021785778655,0.10310102858155784,0.5149212464393444,3.056377257273512,7.716204747902468,0.0057396299998799805,optimal
0.6200000000000004,-0.2675558785279373,-0.28912434758005423,-0.26829610842371576,-0.2862532303636883,-0.0007402298957784881,0.7642782666684287,0.08005598361936864,0.8443342502877973,3.056373080299859,7.936479157326131,0.006194454999786103,optimal
0.6400000000000005,-0.2737932368834953,-0.3344062736078757,-0.27450765494019014,-0.3307674872001934,-0.0007144180566948655,1.1919782899048483,0.05934991260535765,1.251328202510206,3.056368056961578,8.203688599207327,0.0053851229999963834,optimal
0.6600000000000005,-0.2809233299890343,-0.3783684508494611,-0.2815956503856501,-0.37407194842516245,-0.0006723203966157998,1.693210100918372,0.03778371482775779,1.7309938157461298,3.0563623110645524,8.51675677145192,0.005665980999765452,optimal
0.6800000000000005,-0.28891801862449645,-0.4208373806756461,-0.2895341613137074,-0.4160072077247805,-0.0006161426892109523,2.265937825126577,0.014010332990226904,2.2799481581168037,3.0563559142673613,8.874390786252732,0.006083015000058367,optimal
0.7000000000000005,-0.29774575140626336,-0.4616454576226152,-0.2982941370235188,-0.4564200727288479,-0.0005483856172554535,2.9078231628127194,-0.011943352754422695,2.8958798100582968,3.056348920814529,9.275101581684607,0.005702138999822637,optimal
0.7200000000000005,-0.30737168930605296,-0.5006316308540959,-0.30784348573644504,-0.4951592218738612,-0.00047179643039207964,3.616239036427177,-0.03931873591898131,3.5769203005081955,3.0563413813721083,9.717214245298079,0.0057482259999233065,optimal
0.7400000000000005,-0.3177578431446474,-0.5376420397554313,-0.3181470997140772,-0.5320740875221549,-0.0003892565694297856,4.388277362420572,-0.06709909866823388,4.321178263752338,3.056333349631718,10.198872036633624,0.0056664620001356525,optimal
0.7600000000000006,-0.3288632235178281,-0.5725306211511362,-0.329166877380403,-0.567015471207892,-0.0003036538625749152,5.220755071836214,-0.09427504916745325,5.126480022668761,3.0563248863269155,10.718038258944233,0.005684035000285803,optimal
0.7800000000000006,-0.3406440025628279,-0.6051596857495178,-0.34086176522419687,-0.5998368820741258,-0.00021776266136896982,6.1102210601498435,-0.11996216342527231,5.990258896724571,3.056316061249636,11.272498679006949,0.005771829999957845,optimal
0.8000000000000006,-0.35305368692688205,-0.6354004615394082,-0.35318782876444227,-0.630396065956046,-0.0001341418375602199,7.052965359564447,-0.14343889226172618,6.909526467302721,3.0563069550621784,11.859865810089646,0.005839146999733202,optimal
0.8200000000000006,-0.3660433012552512,-0.6631336019944609,-0.36609835397184876,-0.6585565438501164,-5.505271659755895e-05,8.045031365081517,-0.16415138302448962,7.880879982057027,3.0562976587416952,12.47758590561523,0.00585120999994615,optimal
0.8400000000000006,-0.3795615814745716,-0.6882496570793665,-0.3795439732640346,-0.6841881894109171,1.760821053697903e-05,9.082231038431317,-0.18170714139184424,8.900523897039474,3.056288271347129,13.12294861124579,0.005507123000370484,optimal
0.8600000000000007,-0.3935551771087323,-0.7106495051991389,-0.39347278453599843,-0.7071674059964539,8.239257273384704e-05,10.160163615765455,-0.19591285288843396,9.964250762877022,3.0562788923729047,13.793099820591138,0.005571694000082061,optimal
0.8800000000000007,-0.40796886182883096,-0.7302447443867667,-0.4078305583856161,-0.7273840798910404,0.00013830344321486,11.274238040228356,-0.20684662256644526,11.067391417661911,3.056269573945204,14.485057947889093,0.0055346650001411035,optimal
0.9000000000000007,-0.42274575140626364,-0.7469580411853894,-0.42256101508499133,-0.7447415672974215,0.00018473632127230522,12.419694084313853,-0.21458869884634824,12.205105385467505,3.0562603095429264,15.19572871718478,0.006063238000024285,optimal
0.9200000000000007,-0.43782752820878684,-0.760723435848122,-0.43760607930960743,-0.7591555010295438,0.00022144889917941057,13.591629208757782,-0.21918232438723093,13.37244688437055,3.056251081490115,15.921925523176807,0.005926460999944538,optimal
0.9400000000000007,-0.4531546713535694,-0.7714866026510412,-0.45290612477775116,-0.7705538288305327,0.0002485465758182426,14.785027664915004,-0.22071844042558336,14.56430922448942,3.056241882370909,16.66039178313905,0.005638309000005393,optimal
0.9600000000000007,-0.46866669160892455,-0.7792050642919991,-0.4684002285676882,-0.7788775973885194,0.00026646304123634224,15.994789934619417,-0.2193941533621323,15.775395781257284,3.05623271839004,17.4078234283688,0.005509536999852571,optimal
0.9800000000000008,-0.48430237011767224,-0.7838483595291285,-0.48402644328574684,-0.7840819184134593,0.00027592683192539935,17.215763065327206,-0.2155187899422576,17.000244275384947,3.0562236046268327,18.16089214172937,0.005747273999986646,optimal
1.0000000000000007,-0.5000000000000006,-0.7853981633974483,-0.4997220866235537,-0.7861367457627837,0.00027791337644683667,18.44277168065496,-0.20948539128553842,18.23328628936942,3.056214559681688,18.916269159407445,0.0060759819998565945,optimal
1.0200000000000007,-0.5156976298823289,-0.7838483595291282,-0.5154240430229277,-0.785027333459613,0.0002735868594012647,19.670649462951115,-0.20173181359110784,19.46891764936001,3.0562056019696637,19.6706494629511,0.006007243000112794,optimal
1.0400000000000007,-0.5313333083910766,-0.7792050642919987,-0.5310690711318216,-0.7807543849251459,0.00026423725925506236,20.894270504495775,-0.19270597955753654,20.701564524938238,3.0561967478059855,20.42077578532642,0.005761119999988296,optimal
1.0600000000000007,-0.5468453286464316,-0.7714866026510405,-0.5465941114950645,-0.7733339522621683,0.0002512171513671113,22.10857988078151,-0.1828400302076702,21.925739850573837,3.0561880108372574,21.16346181166471,0.005962298999747873,optimal
1.0800000000000007,-0.5621724717912142,-0.7607234358481212,-0.5619365901828632,-0.7627971489999718,0.00023588160835097405,23.308622867002246,-0.17253273965136556,23.13609012735088,3.056179402314062,21.89561402366661,0.00646280899991325,optimal
1.1000000000000008,-0.5772542485937373,-0.7469580411853884,-0.5770347151639201,-0.7491897239904592,0.00021953342981717583,24.489572290780757,-0.16213770966007263,24.327434581120684,3.0561709316940227,22.61425170914793,0.005531578999580233,optimal
1.1200000000000008,-0.59203113817117,-0.7302447443867655,-0.5918277629174069,-0.7325715234022006,0.00020337525376312726,25.646753602744802,-0.151955126731166,25.494798476013635,3.056162607235427,23.316524747190915,0.006017562999659276,optimal
1.1400000000000008,-0.6064448228912687,-0.7106495051991376,-0.606256353361711,-0.7130158653356826,0.0001884695295576444,26.77566732734709,-0.1422260206845594,26.63344130666253,3.056154436667797,23.999728859965415,0.005708370999855106,optimal
1.1600000000000008,-0.6204384185254294,-0.6882496570793649,-0.62026271145552,-0.6906088360336846,0.0001757070699093255,27.87200865154808,-0.13312844863913534,27.738880202908945,3.0561464275136863,24.661318117623598,0.005617480000182695,optimal
1.1800000000000008,-0.6339566987447497,-0.6631336019944591,-0.6337909141715602,-0.6654485288515385,0.00016578457318949802,28.931683999496624,-0.1247759332990814,28.806908066197543,3.0561385875469194,25.2989145721477,0.005892988000141486,optimal
1.2000000000000008,-0.6469463130731188,-0.6354004615394062,-0.6467871216498352,-0.6376442366198629,0.00015919142328357783,29.950824474221108,-0.11721808103540034,29.833606393185708,3.0561309247028037,25.91031492934583,0.007184225999935734,optimal
1.2200000000000009,-0.659355997437173,-0.6051596857495157,-0.6591997920114825,-0.6073156170574721,0.00015620542569050322,30.92579618501029,-0.11044365586236764,30.815352529147923,3.056123447783949,26.493494302973204,0.006654338999851461,optimal
1.2400000000000009,-0.6711367764821726,-0.572530621151134,-0.6709798794018347,-0.5745918494363796,0.0001568970803379477,31.853207579950833,-0.10438592489764864,31.748821655053185,3.0561161666129277,27.046607197807532,0.005592673000137438,optimal
1.260000000000001,-0.6822421568553534,-0.5376420397554289,-0.6820810152251474,-0.5396107945464438,0.00016114163020597427,32.72991387968479,-0.09892986652420965,32.63098401316058,3.056109092213918,27.567985842349813,0.005999969000185956,optimal
1.280000000000001,-0.6926283106939477,-0.5006316308540931,-0.6924596727898221,-0.5025181718903174,0.00016863790412557922,33.553018871126916,-0.09392098434891277,33.459097886778004,3.0561022370881474,28.056136153851902,0.005694305000361055,optimal
1.300000000000001,-0.7022542485937372,-0.4616454576226126,-0.7020753158200513,-0.4634667645428283,0.00017893277368585814,34.319874336668185,-0.08917525856031383,34.23069907810787,3.0560956155045553,28.509731634309993,0.005545084000004863,optimal
1.320000000000001,-0.7110819813755042,-0.420837380675643,-0.7108905314639421,-0.4226156590235907,0.00019144991156205826,35.02807744393476,-0.08448975106407941,34.943587692870686,3.0560892437935756,28.927605544388257,0.0057673520000207645,optimal
1.340000000000001,-0.7190766700109662,-0.3783684508494582,-0.7188711485426702,-0.38012952460268035,0.00020552146829599938,35.675466454957835,-0.07965340065602305,35.595813054301814,3.0560831406419395,29.30874173476397,0.005761541000083525,optimal
1.360000000000001,-0.7262067631165052,-0.33440627360787245,-0.7259863418435851,-0.33617793373843813,0.0002204212729201016,36.26011513374301,-0.07445758087972473,36.18565755286328,3.056077327382265,29.652264533198323,0.0058920670003317355,optimal
1.380000000000001,-0.7324441214720632,-0.2891243475800512,-0.7322087232672022,-0.2909347228898741,0.0002353982048609593,36.78032623891326,-0.06870603935911057,36.71162019955415,3.0560718282650896,29.957428091930698,0.005642417000217392,optimal
1.400000000000001,-0.7377641290737886,-0.2427013798406808,-0.7375144205994961,-0.24457739080873342,0.0002497084742925093,37.23462448427593,-0.06222389106603829,37.17240059320989,3.056066670693812,30.223605594711316,0.005802999000025011,optimal
1.420000000000001,-0.742145790282158,-0.1953205806347933,-0.7418831458329628,-0.197286747795896,0.0002626444491952151,37.62174933584991,-0.05486539773203265,37.56688393811788,3.0560618853955384,30.450278706947323,0.005637869000111095,optimal
1.440000000000001,-0.7455718126821723,-0.14716894033062486,-0.7452982624942873,-0.14924678410919115,0.00027355018788499663,37.94064796805426,-0.046509049939788785,37.89413891811447,3.0560575073144087,30.637027603051436,0.005998576999900251,optimal
1.460000000000001,-0.7480286753286196,-0.09843649145406548,-0.7477468236219833,-0.10064228973791912,0.00028185170663630466,38.190468801268295,-0.0370367090801111,38.15343209218818,3.0560535871408527,30.783521980579547,0.005726966000111133,optimal
1.480000000000001,-0.749506682107068,-0.04931555871709211,-0.7492195849172755,-0.05165886961616599,0.00028709718979247345,38.37055595252532,-0.02642245247411512,38.34413350005121,3.056050191063496,30.889513455993306,0.005744528999912291,optimal
1.500000000000001,-0.75,2.6460194963777713e-15,-0.749711026417407,-0.0024833699901238952,0.00028897358259305506,38.48044387509554,-0.014737166064073071,38.465706709031465,3.056047380018158,30.95482865091935,0.0057856960002027336,optimal
1.5200000000000011,-0.7495066821070678,0.0493155587170967,-0.749219375818503,0.04669629556033358,0.0002873062885648814,38.519853591454165,-0.0021047581623182426,38.51774883329185,3.0560452002833074,30.979364301793133,0.005662896000103501,optimal
1.5400000000000011,-0.7480286753286194,0.09843649145407073,-0.7477466238614019,0.0956917064126092,0.0002820514672174923,38.488690705472614,0.011330099639086492,38.5000208051117,3.0560436827342774,30.963084585977217,0.006056334999811952,optimal
1.5600000000000012,-0.745571812682172,0.14716894033063008,-0.7452985266870805,0.14431464833560392,0.00027328599509146567,38.387044903965744,0.025413516306832123,38.41245842027258,3.056042845583,30.90602038876529,0.0055967610001061985,optimal
1.5800000000000012,-0.7421457902821575,0.1953205806347984,-0.7418845937241199,0.19237783831965555,0.0002611965580376907,38.2151907726781,0.03998130095345143,38.25517207363155,3.0560426978298736,30.808270344375828,0.00588642599996092,optimal
1.6000000000000012,-0.7377641290737882,0.24270137984068582,-0.7375180614484326,0.23969561103930942,0.0002460676253556171,37.97358984660374,0.054854818318729535,38.02844466492247,3.056043242244293,30.670003573451737,0.005699984999864682,optimal
1.6200000000000012,-0.7324441214720625,0.2891243475800561,-0.7322158537910775,0.2860845689481633,0.00022826768098505035,37.662893835574735,0.06983926568231644,37.732733101257054,3.0560444774900786,30.491464056722783,0.005901945000005071,optimal
1.6400000000000012,-0.7262067631165046,0.33440627360787717,-0.7259985296945981,0.331364216944227,0.00020823342190645633,37.283948934037255,0.0847259264289244,37.36867486046618,3.0560463994563953,30.272976549357445,0.005553981000048225,optimal
1.6600000000000013,-0.7190766700109654,0.3783684508494628,-0.7188902179043367,0.37535760275430824,0.00018645210662870948,36.83780106489754,0.09929769783423191,36.93709876273177,3.0560490019691366,30.01495387924743,0.0055321599998023885,optimal
1.6800000000000013,-0.7110819813755033,0.42083738067564747,-0.710918538759794,0.41789197434336595,0.00016344261570921947,36.325701844579385,0.11333640006386039,36.43903824464324,3.0560522770920246,29.717905407773948,0.006060061999960453,optimal
1.7000000000000013,-0.7022542485937362,0.4616454576226169,-0.7021145126070413,0.45879945772250436,0.00013973598669492215,35.749115003603116,0.1266305567185721,35.87574556032169,3.056056215174392,29.38244637711876,0.005772891999640706,optimal
1.7200000000000013,-0.6926283106939467,0.5006316308540972,-0.6925124525691639,0.4979180847361056,0.00011585812478276392,35.10972295605953,0.1389827416059692,35.2487056976655,3.0560608047634186,29.009307825635446,0.00582761500027118,optimal
1.7400000000000013,-0.6822421568553523,0.5376420397554326,-0.6821498266693287,0.535093361688628,9.233018602361476e-05,34.409433045020336,0.15019883365015863,34.559631878670494,3.056066031199196,28.599346587314674,0.005913477000376588,optimal
1.7600000000000013,-0.6711367764821714,0.5725306211511376,-0.6710671237800178,0.5701766681048055,6.965270215364416e-05,33.65038256573262,0.16004204858367976,33.8104246143163,3.0560718580258723,28.153554490000833,0.005895301999771618,optimal
1.7800000000000014,-0.6593559974371717,0.6051596857495188,-0.6593077331961421,0.6030258203972374,4.826424102954974e-05,32.83494462740387,0.16833536214947306,33.00327998955334,3.05607821501997,27.673068743263848,0.005745349999870086,optimal
1.8000000000000014,-0.6469463130731175,0.6354004615394094,-0.6469177994384867,0.6335065465694563,2.8513634630744633e-05,31.96573297582342,0.1750046616095946,32.14073763743301,3.0560850162257864,27.159181586406405,0.005618522000077064,optimal
1.8200000000000014,-0.6339566987447484,0.6631336019944618,-0.6339460503524605,0.6614937136029045,1.0648392287815334e-05,31.04560444621219,0.18005719846403193,31.225661644676222,3.05609217527365,26.613347918758695,0.005611429000055068,optimal
1.8400000000000014,-0.6204384185254279,0.6882496570793675,-0.6204436040582642,0.6868722497468934,-5.185532836238238e-06,30.077659054042538,0.18354835727279162,30.26120741131533,3.056099614855222,26.037190903905,0.005789433999780158,optimal
1.8600000000000014,-0.6064448228912672,0.7106495051991396,-0.6064637602107555,0.7095378182011431,-1.8937319488321336e-05,29.065237626127654,0.18555647019640562,29.25079409632406,3.0561072716681954,25.432505423323267,0.005817535999995016,optimal
1.8800000000000014,-0.5920311381711685,0.7302447443867675,-0.5920617797208302,0.7293973168149832,-3.064154966170296e-05,28.011916938969843,0.18616927514443524,28.19808621411428,3.0561150977694944,24.801259319081264,0.005705735999981698,optimal
1.9000000000000015,-0.5772542485937359,0.74695804118539,-0.577294655786515,0.7463692619334132,-4.040719277909055e-05,26.921502332467163,0.18547930597071582,27.10698163843788,3.056123059392434,24.145592365407587,0.005726014000174473,optimal
1.9200000000000015,-0.5621724717912125,0.7607234358481225,-0.5622208781173257,0.7603840976430527,-4.840632611313733e-05,25.79801776189765,0.1835843774622109,25.98160213935986,3.0561311342150574,23.467812903542143,0.005983968999771605,optimal
1.9400000000000015,-0.5468453286464301,0.7714866026510415,-0.546900191586176,0.771384453591724,-5.486293974588108e-05,24.64569325748349,0.18058989060602243,24.826283148089512,3.0561393081056405,22.77039208064432,0.005641764999836596,optimal
1.9600000000000015,-0.5313333083910748,0.7792050642919993,-0.5313933501919118,0.7793253655541276,-6.004180083696298e-05,23.468949792095078,0.17661080391796408,23.64556059601304,3.0561475719962083,22.055955665343397,0.006112660999860964,optimal
1.9800000000000015,-0.5156976298823273,0.7838483595291287,-0.5157618670673677,0.7841744577467528,-6.423718504044995e-05,22.272381599648593,0.17177192737441868,22.444153527023012,3.0561559194550325,21.32727345470703,0.005922343999827717,optimal
2.0000000000000013,-0.49999999999999895,0.7853981633974483,-0.5000677613451027,0.7859120829788134,-6.776134510372289e-05,21.060736052784154,0.16620620730789193,21.226942260092045,3.056164344947114,20.587246353770233,0.005739298999742459,optimal
2.019999999999999,-0.48430237011767246,0.7838483595291286,-0.4843733028415332,0.7845314076350511,-7.093272386071714e-05,19.838891272978074,0.16005113932247145,19.998942412300547,3.056172842864443,19.838891272978106,0.00553573699971821,optimal
2.039999999999997,-0.4686666916089264,0.7792050642919999,-0.46874075574843205,0.7800384344823372,-7.406413950566959e-05,18.61183172062516,0.15344406792974497,18.765275788554902,3.0561814069440785,19.08532406304399,0.005969200999970781,optimal
2.0599999999999947,-0.4531546713535729,0.7714866026510433,-0.45323212265597046,0.7724519539116685,-7.74513023975576e-05,17.3846220687619,0.14651705834835768,17.531139127110258,3.0561900300446165,18.32974076231315,0.0055756120000296505,optimal
2.0799999999999925,-0.4378275282087921,0.7607234358481263,-0.43790889033972047,0.7618034248669999,-8.136213092835298e-05,16.162379716941402,0.13939215965392418,16.301771876595325,3.056198703921056,17.57539748427572,0.005858322999756638,optimal
2.0999999999999903,-0.42274575140627035,0.7469580411853963,-0.4228317787066712,0.7481367848093807,-8.602730040085937e-05,14.95024632763542,0.13217742265313498,15.082423750288553,3.056207419095009,16.825589298583175,0.005441238999992493,optimal
2.119999999999988,-0.4079688618288393,0.7302447443867771,-0.40806049424702956,0.7315081964288987,-9.163241819026835e-05,13.753358788012816,0.12496401543024277,13.878322803443059,3.0562161645784482,16.083628479373388,0.0056278100000781706,optimal
2.139999999999986,-0.3935551771087419,0.7106495051991532,-0.393653489197867,0.7119857348752008,-9.8312089125141e-05,12.576819996051315,0.11782437166231659,12.69464436771363,3.0562249276289157,15.352822491142899,0.005642546999752085,optimal
2.1599999999999837,-0.37956158147458235,0.6882496570793851,-0.3796677275212178,0.6896490245531417,-0.00010614604663544691,11.425669861751327,0.11081138396554796,11.536481245716875,3.0562336933820737,14.636452074429833,0.005809951999708574,optimal
2.1799999999999815,-0.3660433012552632,0.6631336019944849,-0.3661584586506843,0.6645888288106704,-0.00011515739542111714,10.3048568869658,0.10395841289014188,10.408815299855942,3.056242444547622,13.937749767006764,0.005592522999904759,optimal
2.1999999999999793,-0.35305368692689487,0.6354004615394375,-0.35317899987382234,0.6369066003389461,-0.00012531294692746942,9.219210660242648,0.09728008497770033,9.31649074522035,3.0562511610117333,13.259879169496303,0.005916091000017332,optimal
2.219999999999977,-0.34064400256284155,0.6051596857495534,-0.34078052809360637,0.6067139948963991,-0.00013652553076481944,8.173415559392147,0.09077367889027621,8.264189238282423,3.0562598195258044,12.605915221635811,0.005405461999998806,optimal
2.239999999999975,-0.32886322351784225,0.5725306211511779,-0.32901188164184997,0.5741323546434481,-0.00014865812400771672,7.171985912781886,0.0844210876382685,7.256407000420154,3.056268393341024,11.978825714177669,0.005359094999676017,optimal
2.2599999999999727,-0.3177578431446618,0.5376420397554796,-0.3179193727153018,0.539292163659169,-0.0001615295706399733,6.219242818101202,0.07819120003743985,6.297434018138642,3.056276851937097,11.381454210379047,0.0057903050001186784,optimal
2.2799999999999705,-0.3073716893060675,0.5006316308541512,-0.3075466154991509,0.5023317760049935,-0.0001749261930834023,5.31929276742376,0.07204266347158125,5.391335430895341,3.0562851607493533,10.81650450180372,0.005655682999986311,optimal
2.2999999999999683,-0.2977457514062778,0.46164545762267756,-0.2979343828673135,0.463396884138987,-0.00018863146103570427,4.476008475044761,0.06596325857644261,4.541971733621204,3.0562932842635373,10.286526978372741,0.005468410000048607,optimal
2.319999999999966,-0.2889180186245106,0.4208373806757161,-0.28912042521554304,0.42264326925797985,-0.00020240659103243352,3.693011581175238,0.05998433434765021,3.752995915522888,3.056301210610975,9.79390660240067,0.005817597000259411,optimal
2.339999999999964,-0.2809233299890478,0.37836845084953835,-0.2811392968524873,0.380233971333242,-0.00021596686343949845,2.9736549070209906,0.054017448762642535,3.027672355783633,3.056308937275184,9.34085002835877,0.006161683999835077,optimal
2.3599999999999617,-0.27379323688350793,0.33440627360796027,-0.2740222357752977,0.33633720648373855,-0.00022899889178978894,2.321009239672345,0.04791059671000179,2.368919836382347,3.0563164368932103,8.929376842817078,0.00563740699999471,optimal
2.3799999999999595,-0.26755587852794893,0.2891243475801466,-0.26779706837073075,0.2911257010663174,-0.00024118984278181932,1.7378525288355746,0.04153884573901545,1.77939137457459,3.056323654118147,8.561312894981011,0.006000450000101409,optimal
2.3999999999999573,-0.262235870926222,0.2427013798407837,-0.26248812143176814,0.24477651430463682,-0.0002522505055461144,1.2266604686471911,0.03483798451020461,1.2614984531573958,3.0563305146486104,8.238284650945644,0.005428485000265937,optimal
2.419999999999955,-0.257854209717851,0.19532058063490354,-0.2581161381141046,0.19747080460095287,-0.00026192839625360786,0.7895982660106187,0.02779496919133697,0.8173932352019556,3.0563369346640004,7.961714335949175,0.006298049000179162,optimal
2.439999999999953,-0.2544281873178348,0.14716894033074215,-0.25469820077871974,0.14939338830865762,-0.0002700134608849547,0.4285135339898165,0.020425921453579098,0.4489394554433956,3.0563428275187356,7.732815780943177,0.006237354999939271,optimal
2.4599999999999507,-0.2519713246713854,0.09843649145418877,-0.25224766485989697,0.10073211426516726,-0.00027634018851158126,0.144930327721295,0.01275926502684776,0.15768959274814276,3.0563481077848214,7.552590977105974,0.006504418000076839,optimal
2.4799999999999485,-0.25049331789293466,0.049315558717221694,-0.25077410538660827,0.051677193594234734,-0.00028078749367360656,-0.05995566011366105,0.0048287085476171904,-0.05512695156604386,3.0563526948777833,7.421827349089321,0.00623467100012931,optimal
2.4999999999999463,-0.25,1.3277946176104325e-13,-0.25028327839432296,0.0024204364550249567,-0.0002832783943229611,-0.18528079724860635,-0.0033293460288838176,-0.18861014327749018,3.056356513627045,7.341095678408273,0.006414268000298762,optimal
2.519999999999944,-0.2504933178929294,-0.04931555871695666,-0.2507770965242377,-0.046845448192976154,-0.0002837786313082957,-0.23051613066000876,-0.01167314458625206,-0.24218927524626083,3.0563594972109986,7.310748655586224,0.0058467810004003695,optimal
2.539999999999942,-0.25197132467137484,-0.09843649145392531,-0.252253619223444,-0.09592758717788115,-0.0002822945520691844,-0.19546904095547468,-0.020155204368765278,-0.21562424532423996,3.0563615879652213,7.33091993042296,0.00637961299980816,optimal
2.5599999999999397,-0.2544281873178189,-0.14716894033048128,-0.2547070572516316,-0.1446336551773918,-0.00027886993381270875,-0.08028395562354529,-0.028721638663483172,-0.10900559428702847,3.0563627388108623,7.4015236405745695,0.006235572000150569,optimal
2.5799999999999375,-0.25785420971782996,-0.19532058063464564,-0.25812779167085836,-0.19277260052033174,-0.00027358195302840116,0.11455784059316709,-0.03731312906253257,0.07724471153063453,3.0563629142247644,7.522254376297112,0.006725552999796491,optimal
2.5999999999999353,-0.2622358709261958,-0.24270137984053047,-0.2625024072257859,-0.24015536464343715,-0.00026653629959005887,0.3882393130083379,-0.04586618659367761,0.34237312641466033,3.0563620913982876,7.692587598383623,0.0066816399998970155,optimal
2.619999999999933,-0.2675558785279178,-0.28912434757989974,-0.26781374016444487,-0.2865956087196354,-0.00025786163652707916,0.7396097515134405,-0.05431514142840378,0.6852946100850368,3.0563602610305174,7.911780559988403,0.006460675999733212,optimal
2.639999999999931,-0.2737932368834719,-0.33440627360771996,-0.27404094065742735,-0.3319104396721383,-0.0002477037739554433,1.1671878814521266,-0.06259414331809476,1.1045937381340318,3.056357428180756,8.178873806934044,0.0066047259997503716,optimal
2.6599999999999286,-0.280923329989007,-0.37836845084930504,-0.28115954950359834,-0.37592112915838954,-0.0002362195145913515,1.6691661247320475,-0.0706391511645858,1.5985269735674617,3.056353612872685,8.492693375933081,0.007040215000415628,optimal
2.6799999999999264,-0.2889180186244653,-0.4208373806754919,-0.2891415894427455,-0.4184538338012883,-0.0002235708182801721,2.2434161074660466,-0.07839002335686417,2.1650260841091824,3.056348850776653,8.851853795912946,0.006393258000116475,optimal
2.6999999999999242,-0.2977457514062281,-0.46164545762246273,-0.2979556703010139,-0.45934028568307383,-0.00020991889478577663,2.8874955860687423,-0.08579212006221346,2.8017034660065288,3.0563431935142016,9.254762073281698,0.006329849999929138,optimal
2.719999999999922,-0.30737168930601355,-0.500631630853946,-0.307567108000662,-0.4984184823594302,-0.00019541869464845263,3.5986568807485266,-0.09279857280379668,3.50585830794473,3.056336708889172,9.69962276255293,0.006303940000179864,optimal
2.73999999999992,-0.3177578431446041,-0.5376420397552866,-0.3179380571426193,-0.5355333457762969,-0.00018021399801521065,4.373856980789344,-0.09937192003815266,4.274485060751191,3.0563294807635217,10.184444299645918,0.006286668000029749,optimal
2.7599999999999176,-0.32886322351778063,-0.5725306211509962,-0.32902765631034575,-0.5705373659485,-0.00016443279256511678,5.209769471549447,-0.10548602112522311,5.104283450424224,3.0563216078243207,10.707046761753874,0.006278372999986459,optimal
2.7799999999999154,-0.34064400256277627,-0.6051596857493836,-0.3407921860132796,-0.6032912114454854,-0.00014818345050332526,6.102798275714199,-0.11112750077791368,5.991670774936285,3.0563132023911153,11.265071065811227,0.006129251999936969,optimal
2.7999999999999132,-0.3530536869268267,-0.6354004615392819,-0.35318523859215634,-0.6336643251267936,-0.00013155166532963225,7.049093442508156,-0.11629725700022156,6.932796185507935,3.056304387855023,11.855989855381164,0.0062275370000861585,optimal
2.819999999999911,-0.3660433012551918,-0.6631336019943426,-0.36615789970281537,-0.6615354929496515,-0.00011459844762357063,8.044568880608594,-0.12101098894997384,7.9235578916586205,3.0562952950258633,12.477119993042232,0.006459698000071512,optimal
2.839999999999909,-0.3795615814745083,-0.6882496570792571,-0.3796589348455605,-0.6867924127586448,-9.73533710522112e-05,9.084922091150801,-0.12529885888492281,8.959623232265878,3.056286057633234,13.125636737216755,0.0068001540003024274,optimal
2.8599999999999066,-0.3935551771086652,-0.7106495051990398,-0.3936349493437612,-0.7093310334800744,-7.97722350959762e-05,10.165656304342765,-0.12925450917844789,10.036401795164316,3.0562768027381604,13.798590025264279,0.006316184000297653,optimal
2.8799999999999044,-0.40796886182876074,-0.7302447443866793,-0.408030624923406,-0.7290619814139065,-6.176309464528407e-05,11.282105286333783,-0.13311311195294107,11.148992174380842,3.0562675993936708,14.492923119595309,0.006204453999998805,optimal
2.899999999999902,-0.42274575140619,-0.7469580411853143,-0.42278900975104955,-0.7459095385358484,-4.3258344859575804e-05,12.429455556868126,-0.13697282668599503,12.292482730182131,3.056258449540602,15.205488500280737,0.00888564899969424,optimal
2.9199999999999,-0.43782752820871,-0.7607234358480601,-0.4378517668637723,-0.7598095617847048,-2.4238655062291947e-05,13.602773713187037,-0.1407696468730248,13.462004066314012,3.0562493394473744,15.933068699354921,0.00551984599997013,optimal
2.939999999999898,-0.4531546713534901,-0.7714866026509937,-0.4531593969711998,-0.770708796182552,-4.725617709699925e-06,14.797034931883614,-0.14438242810776725,14.652652503775847,3.0562402639017447,16.67239805698865,0.005436359000213997,optimal
2.9599999999998956,-0.4686666916088425,-0.7792050642919666,-0.4686514580499758,-0.7785651002158133,1.5233558866678543e-05,16.007151076908258,-0.1477116169210158,15.859439459987241,3.0562312298470387,17.420183882439826,0.005597874000159209,optimal
2.9799999999998934,-0.48430237011758787,-0.7838483595291118,-0.48426679299882985,-0.7833479773005501,3.557711875801228e-05,17.227998824035634,-0.15070328004752198,17.07729554398811,3.05622225201878,18.173127482149805,0.005523894000361906,optimal
2.999999999999891,-0.4999999999999146,-0.7853981633974483,-0.4999437673610081,-0.7850390356633961,5.623263890652819e-05,18.454447990083402,-0.15333791304999425,18.301110077033407,3.0562133481407767,18.927945281135127,0.005677934000232199,optimal
3.019999999999889,-0.5156976298822413,-0.7838483595291456,-0.5156205140986202,-0.7836322469244095,7.711578362112892e-05,19.681389969430015,-0.15560886884577274,19.525781100584243,3.0562045352956244,19.68138996943259,0.005779886000254919,optimal
3.039999999999887,-0.5313333083909877,-0.779205064292034,-0.5312351813717754,-0.7791340061854553,9.812701921230182e-05,20.903765766732487,-0.15750483093054626,20.746260935801942,3.0561958280384025,20.430271190064808,0.005602551999800198,optimal
3.0599999999998846,-0.5468453286463418,-0.7714866026510945,-0.5467261799911546,-0.7715630530703006,0.00011914865518725115,22.11659318382144,-0.15900095220148908,21.95759223161995,3.0561872380163324,21.171475353700153,0.005437683000309335,optimal
3.0799999999998824,-0.5621724717911242,-0.7607234358481938,-0.5620324284109336,-0.7609503108528357,0.00014004338019057982,23.31499271473541,-0.16005728834174965,23.15493542639366,3.056178774391958,21.901984161719042,0.005958832000032999,optimal
3.09999999999988,-0.5772542485936473,-0.7469580411854805,-0.5770935939350426,-0.7473386808329858,0.00016065465860470862,24.494211775415273,-0.1606213599375078,24.333590415477765,3.056170444501894,22.618891492734875,0.005602190999979939,optimal
3.119999999999878,-0.5920311381710801,-0.7302447443868773,-0.5918503295962873,-0.7307828036745213,0.00018080857479285672,25.6496469382851,-0.1606320808357753,25.489014857449323,3.0561622547491827,23.319418351493717,0.0058492459997978585,optimal
3.139999999999876,-0.60644482289118,-0.7106495051992688,-0.606244505920136,-0.7113487984050537,0.00020031697104394564,26.776864010116114,-0.16002370508492775,26.616840305031186,3.0561542110284377,24.000925747687845,0.00556525199999669,optimal
3.1599999999998736,-0.6204384185253418,-0.6882496570795162,-0.6202194371327183,-0.6891139648602884,0.00021898139262344074,27.87161562729867,-0.15872885434354977,27.71288677295512,3.056146319182068,24.66092520718663,0.00575971699981892,optimal
3.1799999999998714,-0.6339566987446636,-0.6631336019946307,-0.6337201011765142,-0.6641664561737495,0.00023659756814942146,28.9298564084941,-0.156681190116648,28.773175218377453,3.0561385855903422,25.297086983473566,0.005626527000003989,optimal
3.199999999999869,-0.6469463130730352,-0.6354004615395971,-0.6466933526940462,-0.6366049161338628,0.0002529603789890311,29.947755462775124,-0.1538175724181961,29.79393789035693,3.0561310170303857,25.90724579583618,0.0056438000001435285,optimal
3.219999999999867,-0.6593559974370918,-0.6051596857497265,-0.6590881284379642,-0.6065380787580754,0.0002678689991276739,30.921706282518656,-0.15008001885873595,30.77162626365992,3.0561236213815395,26.48940414871516,0.005470092999985354,optimal
3.2399999999998648,-0.6711367764820946,-0.5725306211513642,-0.6708556443548224,-0.5740843372547111,0.00028113212727221004,31.848334105482877,-0.14541775366446297,31.702916351818413,3.0561164077881386,27.041733344026312,0.005542078999951627,optimal
3.2599999999998626,-0.682242156855279,-0.5376420397556776,-0.6819495837023343,-0.5393712800881224,0.00029257315294473063,32.72450078662426,-0.1397891066014371,32.58471168002283,3.0561093868468707,27.562572251641186,0.0061182619997453,optimal
3.2799999999998604,-0.6926283106938773,-0.5006316308543604,-0.6923262755811199,-0.5025351974970258,0.0003020351127573928,33.5473073728757,-0.13316337130908285,33.41414400156662,3.0561025708838105,28.05042405521869,0.0058056140001099266,optimal
3.299999999999858,-0.7022542485936712,-0.4616454576228977,-0.7019448633108103,-0.46372056060073075,0.00030938528286095224,34.3140945833382,-0.12552252550617407,34.188572057832026,3.056095974243294,28.503951198960518,0.005786667999927886,optimal
3.319999999999856,-0.711081981375443,-0.42083738067594584,-0.7107674621173357,-0.4230794747606543,0.0003145192581073264,35.02244144439802,-0.1168627209657946,34.90557872343223,3.0560896135774445,28.921968806702253,0.005598233999990043,optimal
3.3399999999998538,-0.7190766700109106,-0.3783684508497762,-0.7187593056279016,-0.38077110855782653,0.00031736438300900005,35.67016236463739,-0.1071954732578017,35.56296689137959,3.0560835081349085,29.30343687884887,0.005970083000192972,optimal
3.3599999999998515,-0.7262067631164552,-0.3344062736082065,-0.7258888806951281,-0.3369610995570227,0.0003178824213270204,36.255302959650436,-0.09654850503437504,36.15875445461606,3.0560776800429874,29.647451596584396,0.005477897999753623,optimal
3.3799999999998493,-0.7324441214720192,-0.2891243475803997,-0.732128050094061,-0.29182093792456126,0.0003160713779581936,36.77613495237948,-0.0849662173040503,36.69116873507543,3.056072154571024,29.953236076897177,0.005658707999828039,optimal
3.399999999999847,-0.7377641290737513,-0.2427013798410419,-0.7374521626567896,-0.2455273289331605,0.00031196641696173977,37.231150480401,-0.07250978060053545,37.158640699800465,3.05606696035583,30.220130926314933,0.005617050000182644,optimal
3.419999999999845,-0.7421457902821275,-0.19532058063516644,-0.7418401514237573,-0.19826172133455744,0.0003056388583702052,37.61905613785239,-0.05925685299937614,37.559799284853014,3.056062129561982,30.4475849359807,0.005658818000028987,optimal
3.4399999999998427,-0.745571812682149,-0.14716894033100947,-0.745274628575322,-0.15021013015817541,0.0002971841068269976,37.93876704770458,-0.04529133407825239,37.89347571362633,3.0560576985851298,30.635146225588,0.0056018509999375965,optimal
3.4599999999998405,-0.7480286753286037,-0.09843649145445808,-0.7477419499516593,-0.10156057800830234,0.0002867253769444078,38.189401342679645,-0.03067279089056329,38.15872855178908,3.056053719084229,30.78245420220089,0.005642977999741561,optimal
3.4799999999998383,-0.74950668210706,-0.049315558717492616,-0.749232248277639,-0.05250277908807094,0.0002744338294209392,38.370275444576635,-0.01551983008707428,38.35475561448956,3.056050259557544,30.88923278037544,0.005981574000088585,optimal
3.499999999999836,-0.75,-4.049293881404026e-13,-0.7497394704458468,-0.003228391234541996,0.00026052955415323265,38.480899346449526,-1.789511370030712e-05,38.480881451335826,3.0560473842216096,30.955284111922445,0.005774674999884155,optimal
3.519999999999834,-0.7495066821070762,0.04931555871668435,-0.749261412769124,0.04606935128665677,0.00024526933795221417,38.520973274656505,0.015626299169584613,38.53659957382609,3.0560451426726396,30.980484127144095,0.005730192000100942,optimal
3.5399999999998317,-0.748028675328636,0.098436491453656,-0.7477997442098976,0.09519641116964488,0.0002289311187384513,38.490386003849615,0.03121902176127424,38.52160502561089,3.056043568672574,30.96478016523459,0.005415821000042342,optimal
3.5599999999998295,-0.7455718126821973,0.14716894033021394,-0.7453600122429658,0.14395888113282518,0.00021180043923152425,38.38921453705076,0.046591456657360156,38.43580599370812,3.056042682702253,30.908190420572904,0.005455035000068165,optimal
3.5799999999998273,-0.7421457902821915,0.19532058063438204,-0.7419516299462664,0.19216392023711537,0.00019416033592511983,38.2177249761217,0.06159710585907121,38.27932208198077,3.0560424953763072,30.810805038504704,0.005339917999663157,optimal
3.599999999999825,-0.7377641290738308,0.24270137984027298,-0.737587844949203,0.23962063228901187,0.0001762841246277791,37.97637450815917,0.07610459628711601,38.052479104446284,3.056043010456737,30.67278878895132,0.005699615000139602,optimal
3.619999999999823,-0.7324441214721141,0.28912434757964667,-0.7322856914878666,0.2861408808828794,0.0001584299842475323,37.66581445932931,0.08999187671869657,37.75580633604801,3.0560442270390182,30.494385268194023,0.0053997309996702825,optimal
3.6399999999998207,-0.726206763116565,0.3344062736074737,-0.7260659266548554,0.33154005773836964,0.00014083646170959252,37.28689433822055,0.10314377379146057,37.39003811201201,3.0560461409520925,30.275922546582052,0.005386475999785034,optimal
3.6599999999998185,-0.7190766700110345,0.3783684508490678,-0.7189529515787281,0.37563782339803936,0.00012371843230640778,36.84066673239167,0.11545250031191202,36.95611923270358,3.056048745539861,30.01782011923636,0.005852612000126101,optimal
3.6799999999998163,-0.7110819813755811,0.42083738067526205,-0.7109747179714138,0.41825883098220307,0.00010726340416733482,36.32839285867746,0.12681983498926375,36.455212693666724,3.056052032031817,29.720596951739132,0.005402415999924415,optimal
3.699999999999814,-0.7022542485938228,0.46164545762224257,-0.7021626203374981,0.4592334370673171,9.162825632469396e-05,35.751548514454,0.1371598343925271,35.88870834884653,3.056055989659138,29.384880357782244,0.005887076999897545,optimal
3.719999999999812,-0.6926283106940414,0.5006316308537374,-0.6925513724833843,0.49839869693968747,7.693821065712925e-05,35.11183013576008,0.14640131537714324,35.25823145113722,3.056060605636249,29.01141540282496,0.00547747700011314,optimal
3.7399999999998097,-0.6822421568554552,0.5376420397550882,-0.6821788536497396,0.5355999899797786,6.330320571557024e-05,34.41116051853763,0.15447433496357865,34.56563485350121,3.0560658640144536,28.601074378674923,0.005649059000006673,optimal
3.7599999999998075,-0.6711367764822825,0.5725306211508098,-0.6710859573832447,0.5706893652820627,5.081909903781323e-05,33.65169326453713,0.16125645828869234,33.81294972282582,3.056071727673813,28.15486542326101,0.006051516000297852,optimal
3.7799999999998053,-0.6593559974372905,0.6051596857492102,-0.6593164576146834,0.6035259146091466,3.9539822607070896e-05,32.83581802685967,0.1666703349679154,33.00248836182759,3.0560781247568483,27.67394229517543,0.0063556170002812,optimal
3.799999999999803,-0.6469463130732434,0.6354004615391219,-0.6469168521286337,0.6339771769696935,2.946094460964943e-05,31.966164851866793,0.17072924691237326,32.136894098779166,3.0560849668476497,27.159613540107173,0.0059810329998981615,optimal
3.819999999999801,-0.6339566987448813,0.6631336019941967,-0.6339361808405037,0.6619202853071534,2.0517904377514995e-05,31.04560613742919,0.17351397808749183,31.21912011551668,3.056092165023138,26.61334962483823,0.00597994200006724,optimal
3.8399999999997987,-0.6204384185255676,0.6882496570791261,-0.6204258247275031,0.6872427910119836,1.2593798064508555e-05,30.077256251675237,0.17513711328795253,30.25239336496319,3.056099639806592,26.03678806854549,0.006363243000123475,optimal
3.8599999999997965,-0.6064448228914128,0.7106495051989246,-0.6064392911789934,0.70984322528895,5.5317124193488e-06,29.064468731732468,0.17571594906175275,29.240184680794222,3.0561073263688625,25.4317364639023,0.0061492089998864685,optimal
3.8799999999997943,-0.5920311381713198,0.7302447443865792,-0.5920319901304629,0.7296314799619603,-8.51959143122194e-07,28.010831051582077,0.17535820022128418,28.186189251803363,3.0561151759314793,24.800173349574607,0.006649859999924956,optimal
3.899999999999792,-0.5772542485938924,0.7469580411852302,-0.5772610038863164,0.7465290718393299,-6.75529242399886e-06,26.920156944913124,0.17415777526177156,27.094314720174896,3.0561231545341387,24.144246891430733,0.005712398000014218,optimal
3.91999999999979,-0.5621724717913735,0.7607234358479927,-0.5621848524475285,0.7604693398765884,-1.2380656154942216e-05,25.796476260783187,0.17219664239360577,25.968672903176792,3.056131240127774,23.466271321667808,0.006015347999891674,optimal
3.9399999999997877,-0.5468453286465951,0.7714866026509426,-0.5468632553744207,0.7713976028514673,-1.7926727825634536e-05,24.644022328559174,0.16954919786192874,24.813571526421104,3.056139419154144,22.768721083573823,0.006146133999664016,optimal
3.9599999999997855,-0.5313333083912435,0.7792050642919325,-0.5313568907840605,0.7792712962907178,-2.3582392816967612e-05,23.46721683348996,0.1662867499757672,23.63350358346573,3.0561476832570245,22.05422265529244,0.005827926000165462,optimal
3.9799999999997833,-0.5156976298824986,0.7838483595290947,-0.5157271518661607,0.7840600891380514,-2.9521983662128548e-05,22.270652240531323,0.16248052745824232,22.433132767989566,3.056156026757114,21.32554406240179,0.0057868580001922965,optimal
3.999999999999781,-0.500000000000172,0.7853981633974483,-0.5000359013612549,0.7857459773324958,-3.590136108289066e-05,21.059071866395094,0.15820274412842983,21.217274610523525,3.056164444845611,20.58558215189879,0.005682973000148195,optimal
4.019999999999779,-0.4843023701178447,0.7838483595291625,-0.48434522458335844,0.7843233405163987,-4.285446551371974e-05,19.837347761410207,0.15352574049584033,19.990873501906048,3.056172932586354,19.83734776140502,0.00566461900007198,optimal
4.039999999999777,-0.46866669160909785,0.7792050642920678,-0.46871718181900884,0.7797989545103408,-5.0490209910991624e-05,18.610456634813282,0.1485199136376079,18.75897654845089,3.056181484326056,19.08394898921566,0.005892757999845344,optimal
4.059999999999775,-0.4531546713537428,0.7714866026511452,-0.4532135610845635,0.7721919485657411,-5.888973082068816e-05,17.383454110691538,0.1432510477177913,17.526705158409328,3.0561900934887443,18.328572823857545,0.006377279000389535,optimal
4.079999999999773,-0.43782752820895926,0.7607234358482611,-0.43789563236758466,0.7615337064934067,-6.810415862540387e-05,16.161447653705803,0.1377778243862946,16.299225478092097,3.056198752362107,17.574465443431464,0.005740432000038709,optimal
4.0999999999997705,-0.4227457514064347,0.7469580411855641,-0.4228239044761977,0.7478677105491368,-7.81530697629984e-05,14.94956853154938,0.13214985898371545,15.081718390533096,3.0562074519525355,16.82491152265405,0.005773813999894628,optimal
4.119999999999768,-0.407968861829,0.730244744386977,-0.4080578856012847,0.7312493320482879,-8.902377228470204e-05,13.75294319638419,0.12640650062706546,13.879349697011257,3.0562161817402242,16.083212900825124,0.005532239999865851,optimal
4.139999999999766,-0.3935551771088981,0.7106495051993841,-0.39365584861267094,0.71174557211386,-0.00010067150377285339,12.576664469923339,0.12057635555211177,12.69724082547545,3.056224929403281,15.35266696662175,0.005786827999600064,optimal
4.159999999999764,-0.3795615814747338,0.6882496570796467,-0.37967460203762604,0.6894347571092376,-0.00011302056289225204,11.425762905453507,0.11467744184296243,11.54044034729647,3.0562336804821992,14.636545104575102,0.00563080500023716,optimal
4.179999999999762,-0.36604330125540907,0.6631336019947758,-0.3661692675895712,0.6644061917439144,-0.00012596633416211978,10.305178679577562,0.1087178117093538,10.413896491286916,3.056242418036088,13.938071528100242,0.005596821000381169,optimal
4.1999999999997595,-0.35305368692703454,0.6354004615397562,-0.3531930650582031,0.6367597728961097,-0.0001393781311685438,9.219734337863802,0.10269653346439508,9.322430871328196,3.0562511222790327,13.260402795904568,0.005523162999907072,optimal
4.219999999999757,-0.34064400256297456,0.605159685749899,-0.3407971053181135,0.6066055667206411,-0.00015310275513896743,8.174108682504635,0.09660493854742602,8.27071362105206,3.0562597702279173,12.606608273247266,0.005483658000230207,optimal
4.239999999999755,-0.32886322351796826,0.5725306211515496,-0.3290301921662285,0.5740633508922766,-0.00016696864826021285,7.172812047497246,0.09042806442914972,7.263240111926395,3.056268335373845,11.97965175771936,0.0055329910001091775,optimal
4.259999999999753,-0.31775784314477995,0.5376420397558749,-0.3179386336579657,0.5392621244972376,-0.0001807905131857579,6.220163162050115,0.08414626480329918,6.304309426853414,3.0562767873705767,11.382374445267931,0.0063480630001322425,optimal
4.279999999999751,-0.30737168930617753,0.500631630854569,-0.3075660679959424,0.50233889808684,-0.0001943786897648514,5.320267753153426,0.07773693500962744,5.398004688163054,3.056285091783933,10.817479363484619,0.0059749320002993045,optimal
4.2999999999997485,-0.2977457514063794,0.46164545762311676,-0.29795331730460506,0.46343815752812273,-0.00020756589822568117,4.4769992822911355,0.07121190822610696,4.548211190517242,3.0562932130742286,10.28751765027316,0.005891645999781758,optimal
4.319999999999746,-0.2889180186246032,0.4208373806761745,-0.2891382033244169,0.4227146701943153,-0.00022018469981371913,3.6939815313287436,0.06463251660038621,3.7586140479291297,3.05630113908706,9.79487640977726,0.005498786999851291,optimal
4.339999999999744,-0.28092332998913094,0.37836845085001347,-0.28115536933865387,0.38033069976498707,-0.00023203934952292782,2.97457067746078,0.05794421033828567,3.0325148877990653,3.056308867310834,9.341765653039339,0.005724410999846441,optimal
4.359999999999742,-0.2737932368835815,0.3344062736084515,-0.27403615523022407,0.33645392160400917,-0.00024291834664258438,2.3218418452002547,0.05102998515462252,2.3728718303548773,3.056316370498027,8.93020930478281,0.005786197000361426,optimal
4.37999999999974,-0.26755587852801255,0.2891243475806514,-0.26780849754284375,0.29125675127154355,-0.0002526190148312013,1.738578069043184,0.0437998438118022,1.7823779128549861,3.056323593334338,8.562038299482214,0.005707480000182841,optimal
4.3999999999997375,-0.2622358709262753,0.2427013798412994,-0.2624968369948151,0.24491615900433034,-0.00026096606853975857,1.227260632908024,0.03622360518680341,1.2634842380948275,3.0563304614128857,8.238884693074803,0.005688183000074787,optimal
4.419999999999735,-0.25785420971789397,0.1953205806354287,-0.25812203014446217,0.1976134232604648,-0.0002678204265681994,0.7900605966110223,0.028320441110650605,0.8183810377216729,3.056336890676755,7.9621765633258335,0.005659459000071365,optimal
4.439999999999733,-0.2544281873178672,0.14716894033127542,-0.25470126826063105,0.14953367084254168,-0.0002730809427638481,0.42883145579016535,0.020135911380086087,0.44896736717025143,3.0563427941394874,7.733133622969728,0.005774525000106223,optimal
4.459999999999731,-0.25197132467140704,0.09843649145472669,-0.2522480076548263,0.10086522704190042,-0.000276682983419263,0.14510296031005332,0.011724215960492852,0.15682717627054618,3.056348085955987,7.552763556787283,0.005610166000224126,optimal
4.479999999999729,-0.2504933178929455,0.04931555871776284,-0.25077191320170483,0.05179891660507305,-0.000278595308759344,-0.05992388489339184,0.0031404763213666864,-0.05678340857202516,3.056352685078119,7.4218591003199,0.005939866000062466,optimal
4.499999999999726,-0.25,6.756841671205585e-13,-0.2502788173619023,0.0025272685693867696,-0.0002788173619022727,-0.18538068395749274,-0.005562337670039882,-0.19094302162753263,3.0563565158481696,7.340995797168651,0.0065803109996522835,optimal
4.519999999999724,-0.2504933178929185,-0.04931555871641413,-0.250770694071777,-0.046756218573822506,-0.00027737617885847943,-0.23073440247776933,-0.01433100176685183,-0.24506540424462117,3.056359510961014,7.310530417695266,0.007907504999820958,optimal
4.539999999999722,-0.2519713246713532,-0.09843649145338737,-0.2522456477908713,-0.0958578399159106,-0.00027432311951808286,-0.19578912060712383,-0.023111638879061477,-0.21890075948618531,3.056361612370359,7.3305999108700775,0.010158996999962255,optimal
4.55999999999972,-0.2544281873177866,-0.147168940329948,-0.2546979177177915,-0.14458443875098964,-0.00026973040000488613,-0.08068680871809253,-0.031849133645193387,-0.11253594236328592,3.0563627724497597,7.401120869826844,0.009917654000219045,optimal
4.579999999999718,-0.257854209717787,-0.19532058063411978,-0.2581178969470253,-0.19274415249902044,-0.00026368722923830745,0.11409283340387688,-0.04048734628739255,0.07360548711648433,3.0563629554094063,7.521789468927878,0.0077017789999445085,optimal
4.599999999999715,-0.26223587092614253,-0.2427013798400155,-0.2624921666232282,-0.24014716362773328,-0.00025629569708568445,0.3877334916091977,-0.0489702786427495,0.3387632129664482,3.056362138216932,7.692081888876869,0.006460114000219619,optimal
4.619999999999713,-0.2675558785278542,-0.2891243475793949,-0.2678035450518298,-0.28660644928457896,-0.0002476665239756204,0.7390843475376361,-0.057243383023109634,0.6818409645145265,3.0563603114143247,7.911255274246757,0.005881717000193021,optimal
4.639999999999711,-0.27379323688339835,-0.3344062736072287,-0.2740311518225219,-0.33193852607026536,-0.00023791493912356243,1.166663253441726,-0.06525488117086414,1.1014083722708619,3.056357480003448,8.178349297813632,0.0065876240000761754,optimal
4.659999999999709,-0.28092332998892394,-0.3783684508488305,-0.28115048654158664,-0.37596418306579393,-0.00022715655266269952,1.6686610804979045,-0.07295703204312429,1.5957040484547802,3.0563536640521822,8.492188445963032,0.0062571830003435025,optimal
4.679999999999707,-0.2889180186243727,-0.4208373806750335,-0.28913352239875756,-0.41850921125657214,-0.0002155037743848398,2.2429473318574775,-0.08030747937528884,2.162639852482189,3.0563488993721064,8.851385125379975,0.006735181000294688,optimal
4.699999999999704,-0.2977457514061266,-0.4616454576220235,-0.29794881369754617,-0.45940509838725674,-0.00020306229141958676,2.887077187542512,-0.08727011344829298,2.7998070740942187,3.0563432378145445,9.254343767048974,0.006936299999779294,optimal
4.719999999999702,-0.30737168930590364,-0.5006316308535288,-0.3075616172852802,-0.49848971866420594,-0.00018992797937655848,3.5983000650124097,-0.09381662757736645,3.5044834374350433,3.056336747488873,9.69926602387142,0.006864865999887115,optimal
4.7399999999997,-0.31775784314448574,-0.5376420397548908,-0.3179340275029449,-0.5356079870811152,-0.0001761843584591749,4.37356985469754,-0.09992749331769749,4.273642361379842,3.0563295126226393,10.184157234126875,0.006254327000078774,optimal
4.759999999999698,-0.3288632235176546,-0.5725306211506245,-0.32902512372233866,-0.5706124946886768,-0.0001619002046840401,5.209556975666803,-0.10559328530370167,5.103963690363102,3.0563216323084936,10.706834309913452,0.006206658000337484,optimal
4.779999999999696,-0.3406440025626431,-0.6051596857490376,-0.34079113031961583,-0.6033641074748098,-0.0001471277569727314,6.102662239265517,-0.11081562411673458,5.991846615148782,3.0563132192882567,11.2649350579065,0.0060350649996507855,optimal
4.799999999999693,-0.35305368692668687,-0.6354004615389627,-0.3531855883510005,-0.633732547970027,-0.0001319014243136296,7.049032750428028,-0.11560827985396839,6.933424470574059,3.0563043973661155,11.855929178263914,0.0062852349997228885,optimal
4.819999999999691,-0.3660433012550459,-0.6631336019940516,-0.3661595385047232,-0.6615969481150679,-0.00011623724967729787,8.044579738818822,-0.11999739827414346,7.924582340544679,3.056295297728464,12.477130855176263,0.006513764999908744,optimal
4.839999999999689,-0.37956158147435687,-0.6882496570789957,-0.37966170875152416,-0.6868453987557877,-0.00010012727716729453,9.084998373331324,-0.1240209648239243,8.9609774085074,3.056286054418396,13.125713015151344,0.006240881999929115,optimal
4.859999999999687,-0.39355517710850924,-0.7106495051988093,-0.39363867506823,-0.7093742736323567,-8.349795972079077e-05,10.165789962572228,-0.12777784248713495,10.038012120085094,3.056276794712329,13.798723673958168,0.006442821999826265,optimal
4.879999999999685,-0.40796886182860004,-0.7302447443864795,-0.40803509855550185,-0.7290946445853886,-6.623672690181381e-05,11.282286804278517,-0.13150575091912164,11.150781053359395,3.0562675877035663,14.493104625263495,0.0062310430002980866,optimal
4.899999999999682,-0.42274575140602566,-0.7469580411851465,-0.42279401564682145,-0.74593123772523,-4.826424079579228e-05,12.429674420690672,-0.13530247561460407,12.294371945076067,3.056258435256832,15.205707351134025,0.006326622999949905,optimal
4.91999999999968,-0.43782752820854304,-0.7607234358479253,-0.43785708630766285,-0.759820334413767,-2.9558099119808556e-05,13.603018887075889,-0.13910105532664,13.46391783174925,3.0562493235278483,15.933313861110587,0.0062945730001047195,optimal
4.939999999999678,-0.4531546713533203,-0.7714866026508919,-0.4531648162832033,-0.770709069871142,-1.0144929882993647e-05,14.79729531693162,-0.1427752605884537,14.654520056343166,3.056240247186155,16.67265843178471,0.00614898899993932,optimal
4.959999999999676,-0.4686666916086711,-0.7792050642918985,-0.4686567758847816,-0.7785556473105347,9.91572388947537e-06,16.007415935188778,-0.14621874944384683,15.861197185744931,3.056231213060758,17.420448732964417,0.00614211600031922,optimal
4.979999999999674,-0.48430237011741584,-0.7838483595290778,-0.4842718266427256,-0.7833298609117619,3.054347469022556e-05,17.22825815348259,-0.14936948472292316,17.078888668759667,3.0562222357777324,18.17338680657943,0.00583967800002938,optimal
4.999999999999671,-0.4999999999997418,-0.7853981633974483,-0.4999483578843433,-0.7850135497011984,5.1642115398542465e-05,18.454692839414424,-0.15219891292651727,18.302493926487905,3.0562133329554984,18.928190128118693,0.005929656999796862,optimal
5.019999999999669,-0.5156976298820688,-0.7838483595291796,-0.5156245302704624,-0.7836008525484648,7.309961160639755e-05,19.68161268576818,-0.15469076162809775,19.526921924140083,3.0562045215750153,19.681612685775967,0.005980301999898074,optimal
5.039999999999667,-0.5313333083908163,-0.7792050642921019,-0.53123852229138,-0.7790982670634634,9.478609943625038e-05,20.90396017185504,-0.1568238813982793,20.747136290456762,3.056195816094147,20.43046559704308,0.006313849999969534,optimal
5.059999999999665,-0.5468453286461725,-0.7714866026511958,-0.5467287764380101,-0.7715245717757561,0.00011655220816242373,22.11675467815488,-0.15856374300533493,21.958190935149545,3.0561872280684925,21.17163685111511,0.0057196119996660855,optimal
5.079999999999663,-0.5621724717909569,-0.7607234358483287,-0.5620342429600149,-0.7609106685767323,0.00013822883094194438,23.315118311233878,-0.1598612041968222,23.155257107037055,3.0561787665758,21.90210976183638,0.006200946999797452,optimal
5.09999999999966,-0.5772542485934828,-0.7469580411856482,-0.577094619924635,-0.7472993823341357,0.00015962866884788873,24.494300068193333,-0.16065536638639966,24.333644701806932,3.056170438875572,22.618979788970393,0.006077745999846229,optimal
5.119999999999658,-0.5920311381709195,-0.7302447443870771,-0.5918505890706531,-0.7307452290707125,0.0001805491002663251,25.649698013202517,-0.1608777483121614,25.488820264890357,3.0561622513019207,23.319469429044524,0.005827886000133731,optimal
5.139999999999656,-0.6064448228910232,-0.7106495051995004,-0.606244046697334,-0.7113141630386975,0.00020077619368918942,26.776879306313408,-0.16045642250788006,26.616422883805527,3.0561542096889465,24.00094104510666,0.006017843000336143,optimal
5.159999999999654,-0.6204384185251907,-0.6882496570797771,-0.6202183291681689,-0.6890832880813448,0.0002200893570217799,27.871597759937945,-0.159319173538773,27.712278586399172,3.056146319826849,24.660907339153248,0.005567375999817159,optimal
5.1799999999996515,-0.6339566987445181,-0.6631336019949208,-0.6337184324055876,-0.6641405394962887,0.00023826633893053728,28.92980896357254,-0.15739624236258165,28.77241272120996,3.0561385880518404,25.297039535630628,0.005808859999888227,optimal
5.199999999999649,-0.6469463130728954,-0.6354004615399161,-0.646691224541874,-0.6365843308450854,0.00025508853102140794,29.947682774983093,-0.15462250047058673,29.793060274512506,3.056131021104865,25.90717310266167,0.00582408900027076,optimal
5.219999999999647,-0.6593559974369587,-0.6051596857500725,-0.6590856511824819,-0.6065231627127061,0.0002703462544768609,30.921613206650527,-0.15093937189301557,30.77067383475751,3.0561236268366927,26.489311064939628,0.0059942080001746945,optimal
5.239999999999645,-0.6711367764819687,-0.5725306211517358,-0.6708529325202898,-0.5740752002772438,0.000283843961678909,31.848225791040853,-0.14629679800906953,31.701928993031785,3.0561164143704156,27.04162501923583,0.005939194999882602,optimal
5.259999999999643,-0.6822421568551604,-0.5376420397560743,-0.681946751646132,-0.5393678171397659,0.0002954052090283765,32.72438246403441,-0.14065501178298911,32.58372745225142,3.0561093942884994,27.562453916485836,0.006124603999978717,optimal
5.2799999999996405,-0.6926283106937675,-0.5006316308547776,-0.6923234334174065,-0.5025371085492066,0.00030487727636097084,33.547184158278604,-0.13398623848241692,33.41319791979619,3.0561025789094907,28.050300826189716,0.005913036000038119,optimal
5.299999999999638,-0.70225424859357,-0.4616454576233358,-0.701942113291709,-0.4637273759963735,0.00031213530186102734,34.31397130732713,-0.1262762334819096,34.18769507384522,3.0560959825766014,28.503827907109766,0.005725041999994573,optimal
5.319999999999636,-0.7110819813753506,-0.42083738067640314,-0.7107648955668147,-0.4230905847398098,0.00031708580853595514,35.02232250845147,-0.11752557345365838,34.90479693499781,3.0560896219468905,28.921849854051928,0.00596084599965252,optimal
5.339999999999634,-0.7190766700108273,-0.378368450850252,-0.718757000496516,-0.380785795575087,0.00031966951431128265,35.670051627420676,-0.10775063929566189,35.56230098812502,3.056083516279672,29.303326124666988,0.006244609000077617,optimal
5.359999999999632,-0.7262067631163815,-0.33440627360869773,-0.7258868997764004,-0.3369785720221003,0.00031986333998113015,36.25520365391254,-0.09698425258054925,36.15821940133199,3.0560776877183113,29.64735227425342,0.005936720999670797,optimal
5.3799999999996295,-0.7324441214719556,-0.28912434758090444,-0.7321264399164956,-0.2918403640502207,0.0003176815554599699,36.776049631902005,-0.08527594736412078,36.69077368453788,3.0560721615532676,29.953150740833564,0.006171562000417907,optimal
5.399999999999627,-0.7377641290736978,-0.24270137984155954,-0.737450953040271,-0.2455478694706638,0.00031317603342684297,37.23108099540192,-0.07269187582567793,37.15838911957624,3.0560669664472067,30.220061427343353,0.0057569730001887365,optimal
5.419999999999625,-0.7421457902820846,-0.19532058063569094,-0.7418393556619247,-0.19828255951798368,0.00030643462015989,37.61900363642252,-0.05931436025776454,37.559689276164754,3.056062134594939,30.447532422741915,0.005776579000212223,optimal
5.439999999999623,-0.7455718126821167,-0.14716894033154138,-0.7452742441899631,-0.15023050014904338,0.00029756849215356596,37.93873200032156,-0.04523153554950601,37.89350046477205,3.0560577024232525,30.635111169033607,0.005949252999926102,optimal
5.459999999999621,-0.7480286753285821,-0.0984364914549967,-0.7477419599886534,-0.10157978946969697,0.00028671533992863374,38.18938358602008,-0.030506587843259717,38.158876998176815,3.056053721613298,30.7824364394126,0.00551958599999125,optimal
5.4799999999996185,-0.7495066821070491,-0.04931555871803445,-0.7492326230076102,-0.052520234651594104,0.0002740590994388947,38.370274241950916,-0.015261015276549309,38.355013226674366,3.056050260712074,30.889231574924146,0.005901172999983828,optimal
5.499999999999616,-0.75,-9.47834093499918e-13,-0.7497401693715954,-0.003243600117728211,0.00025983062840462257,38.48091346091744,0.0003175039785774942,38.48123096489602,3.0560473840042124,30.95529822692604,0.00546806900001684,optimal
5.519999999999614,-0.7495066821070869,0.04931555871614252,-0.7492623868596027,0.04605676384482722,0.0002442952474842608,38.521001050288746,0.016020706558373524,38.53702175684712,3.056045141154032,30.980511906523347,0.008204834000025585,optimal
5.539999999999612,-0.7480286753286576,0.09843649145311877,-0.7478009382730658,0.09518669901533827,0.00022773705559175905,38.49042545243148,0.031654032420753896,38.522079484852235,3.0560435659819714,30.964819620441823,0.007607511000060185,optimal
5.55999999999961,-0.7455718126822296,0.14716894032968203,-0.7453613673457407,0.14395217692703677,0.00021044533648895136,38.38926342760263,0.04704855560941196,38.43631198321204,3.056042679013978,30.90823932015281,0.006210585000189894,optimal
5.5799999999996075,-0.7421457902822345,0.19532058063385754,-0.7419530857915307,0.1921602395862291,0.0001927044907037434,38.21778092464543,0.06205834763408774,38.27983927227952,3.0560424908958255,30.810860997886785,0.006493677000435127,optimal
5.599999999999605,-0.7377641290738842,0.24270137983975665,-0.7375893421268597,0.2396198818211963,0.00017478694702455222,37.97643506516052,0.07655321356510125,38.05298827872562,3.0560430054074965,30.67284935801847,0.006306536000010965,optimal
5.619999999999603,-0.7324441214721777,0.2891243475791419,-0.7322871735276801,0.28614286966636576,0.00015694794449760963,37.66587719290789,0.09041279757501614,37.756289990482905,3.0560442216506583,30.494448014415518,0.005825520999678702,optimal
5.639999999999601,-0.7262067631166386,0.33440627360698244,-0.7260673418218107,0.3315445113553838,0.00013942129482791277,37.28695691080866,0.10352403571186716,37.390480946520526,3.056046135450218,30.27598513179027,0.005746302000261494,optimal
5.659999999999599,-0.719076670011118,0.3783684508485908,-0.7189542543657603,0.37564439995210497,0.00012241564535764304,36.84072696952338,0.11578155537769937,36.95650852490108,3.0560487401373573,30.017880368427335,0.006227896999916993,optimal
5.6799999999995965,-0.7110819813756735,0.4208373806748049,-0.7109758702588528,0.4182671383122736,0.00010611111682068408,36.32844880845896,0.12708974510277196,36.45553855356173,3.056052026921719,29.720652912567168,0.006825882000157435,optimal
5.699999999999594,-0.7022542485939242,0.4616454576218045,-0.702163592202882,0.459243050461996,9.065639104210987e-05,35.751598496682334,0.13736535894055452,35.88896385562289,3.0560559850089755,29.384930349695452,0.0070125729998835595,optimal
5.719999999999592,-0.6926283106941515,0.5006316308533191,-0.6925521426638066,0.4984091760273943,7.616803034493635e-05,35.111872779907436,0.1465398968041256,35.258412676711565,3.0560606015838516,29.011458055058526,0.00612628599992604,optimal
5.73999999999959,-0.6822421568555735,0.5376420397546924,-0.6821794096669699,0.535610896481993,6.274718860366235e-05,34.411194790407095,0.1545460244703621,34.56574081487746,3.0560658606688853,28.601108656901545,0.006901213000219286,optimal
5.759999999999588,-0.6711367764824085,0.5725306211504382,-0.6710862953128925,0.570700279596562,5.0481169516003455e-05,33.65171848066226,0.16126368690013837,33.812982167562396,3.056071725128377,28.15489064396094,0.006417715000225144,optimal
5.7799999999995855,-0.6593559974374237,0.6051596857488641,-0.6593165815766193,0.6035364482125755,3.9415860804359326e-05,32.835833855878576,0.1666175818173955,33.002451437695974,3.056078123069583,27.67395812704041,0.0065440020002824895,optimal
5.799999999999583,-0.6469463130733836,0.6354004615388019,-0.6469167735471711,0.6339869832244369,2.9539526212429834e-05,31.96617130582759,0.17062276125952153,32.13679406708711,3.056084966024675,27.159619995358312,0.006323276999864902,optimal
5.819999999999581,-0.6339566987450269,0.6631336019939066,-0.6339359175082299,0.6619290684761358,2.0781236797051683e-05,31.045603552839935,0.17336147159860113,31.218965024438535,3.056092165017449,26.613347040253,0.00691836499981946,optimal
5.839999999999579,-0.6204384185257187,0.6882496570788652,-0.6204253997123301,0.6872503131405724,1.3018813388554484e-05,30.077245260866377,0.17494740414127402,30.25219266500765,3.0560996405268903,26.036777076779934,0.006062015999759751,optimal
5.859999999999577,-0.6064448228915691,0.7106495051986934,-0.6064387316200458,0.7098493106815013,6.0912715232896986e-06,29.06445022546844,0.1754985703143132,29.239948795782755,3.0561073276934727,25.43171795605918,0.006591401000150654,optimal
5.8799999999995745,-0.5920311381714805,0.7302447443863793,-0.5920313259722797,0.729636017124734,-1.8780079924507476e-07,28.010806134297038,0.17512299647610788,28.185929130773147,3.0561151777233446,24.800148430402373,0.006322925999938889,optimal
5.899999999999572,-0.5772542485940567,0.7469580411850625,-0.5772602666017023,0.7465320129193674,-6.018007645547385e-06,26.920126884337158,0.17391451218693393,27.09404139652409,3.056123156653987,24.14421682892444,0.006310021999979654,optimal
5.91999999999957,-0.5621724717915413,0.7607234358478574,-0.5621840737972451,0.7604706977682656,-1.1602005703825746e-05,25.79644243399807,0.17195464920631764,25.968397083204387,3.056131242443851,23.466237493111798,0.006424337000225933,optimal
5.939999999999568,-0.5468453286467644,0.7714866026508412,-0.5468624662472525,0.7713974462545347,-1.71376004881596e-05,24.643986166651974,0.16931705694338992,24.813303223595362,3.0561394215481523,22.768684920192555,0.006001653000112128,optimal
5.959999999999566,-0.5313333083914145,0.7792050642918645,-0.5313561201542802,0.7792697430790116,-2.2811762865782015e-05,23.46717976696517,0.166072042060409,23.63325180902558,3.056147685626834,22.054185587666872,0.006195787000251585,optimal
5.979999999999563,-0.5156976298826706,0.7838483595290607,-0.5157264258977916,0.7840572984373808,-2.879601512095764e-05,22.270615647521687,0.16228963619416548,22.432905283715854,3.0561560290171847,21.325507468688073,0.006188162999933411,optimal
5.999999999999561,-0.5000000000003448,0.7853981633974483,-0.5000352426804447,0.7857421407154499,-3.5242680099911716e-05,21.05903702550304,0.15804072049895668,21.217077746001998,3.056164446926133,20.585547310679214,0.006361558999742556,optimal
